date,jcd,race,weather,temperature,windSpeed,windDir,waterTemperature,waveHeight,combo,F,S,T,F_num,F_classNumber,F_age,F_weight,F_avgST,F_flying,F_late,F_motorTop2,F_motorTop3,F_boatTop2,F_boatTop3,F_natTop1,F_natTop2,F_natTop3,F_locTop1,F_locTop2,F_locTop3,F_tenji,F_exST,F_exF,F_course,F_entry_avgST,F_self_starts,F_self_first,F_self_second,F_self_third,F_self_top1Rate_calc,F_self_top2Rate_calc,F_self_top3Rate_calc,F_win_逃げ,F_win_差し,F_win_まくり,F_win_まくり差し,F_win_抜き,F_win_恵まれ,F_lose_逃げ,F_lose_差し,F_lose_まくり,F_lose_まくり差し,F_lose_抜き,F_lose_恵まれ,F_matrix_winRate,F_matrix_top2Rate,F_matrix_top3Rate,S_num,S_classNumber,S_age,S_weight,S_avgST,S_flying,S_late,S_motorTop2,S_motorTop3,S_boatTop2,S_boatTop3,S_natTop1,S_natTop2,S_natTop3,S_locTop1,S_locTop2,S_locTop3,S_tenji,S_exST,S_exF,S_course,S_entry_avgST,S_self_starts,S_self_first,S_self_second,S_self_third,S_self_top1Rate_calc,S_self_top2Rate_calc,S_self_top3Rate_calc,S_win_逃げ,S_win_差し,S_win_まくり,S_win_まくり差し,S_win_抜き,S_win_恵まれ,S_lose_逃げ,S_lose_差し,S_lose_まくり,S_lose_まくり差し,S_lose_抜き,S_lose_恵まれ,S_matrix_winRate,S_matrix_top2Rate,S_matrix_top3Rate,T_num,T_classNumber,T_age,T_weight,T_avgST,T_flying,T_late,T_motorTop2,T_motorTop3,T_boatTop2,T_boatTop3,T_natTop1,T_natTop2,T_natTop3,T_locTop1,T_locTop2,T_locTop3,T_tenji,T_exST,T_exF,T_course,T_entry_avgST,T_self_starts,T_self_first,T_self_second,T_self_third,T_self_top1Rate_calc,T_self_top2Rate_calc,T_self_top3Rate_calc,T_win_逃げ,T_win_差し,T_win_まくり,T_win_まくり差し,T_win_抜き,T_win_恵まれ,T_lose_逃げ,T_lose_差し,T_lose_まくり,T_lose_まくり差し,T_lose_抜き,T_lose_恵まれ,T_matrix_winRate,T_matrix_top2Rate,T_matrix_top3Rate,odds,popularity_rank,p_raw,p_norm,EV
20250813,05,9R,曇,30.0,1.0,南東,27.0,0.02,1-5-6,1,5,6,4568,2,37,51.0,0.14,1,0,30.0,47.14,42.68,60.98,6.15,42.39,61.96,5.05,27.27,43.64,6.68,0.22,0,1,0.15,23,18,5,0,78.26086956521739,100.0,100.0,18,0,0,0,0,0,0,2,0,3,0,0,78.2,100.0,100.0,4152,3,45,52.0,0.17,0,0,28.77,43.84,34.62,51.92,5.38,34.86,51.38,5.51,37.29,49.15,6.77,0.08,0,5,0.16,18,0,4,2,0.0,22.22222222222222,33.33333333333333,0,0,0,0,0,0,11,4,3,0,0,0,0.0,22.2,33.3,4281,3,41,53.8,0.16,0,0,30.77,49.23,40.0,55.38,5.11,26.32,47.37,5.11,29.73,56.76,6.82,0.05,0,6,0.14,9,0,0,1,0.0,0.0,11.11111111111111,0,0,0,0,0,0,6,1,0,1,1,0,0.0,0.0,11.1,102.6,29,0.010113428840867066,0.29354486027751797,30.11770266447334
20250813,05,9R,曇,30.0,1.0,南東,27.0,0.02,6-5-3,6,5,3,4281,3,41,53.8,0.16,0,0,30.77,49.23,40.0,55.38,5.11,26.32,47.37,5.11,29.73,56.76,6.82,0.05,0,6,0.14,9,0,0,1,0.0,0.0,11.11111111111111,0,0,0,0,0,0,6,1,0,1,1,0,0.0,0.0,11.1,4152,3,45,52.0,0.17,0,0,28.77,43.84,34.62,51.92,5.38,34.86,51.38,5.51,37.29,49.15,6.77,0.08,0,5,0.16,18,0,4,2,0.0,22.22222222222222,33.33333333333333,0,0,0,0,0,0,11,4,3,0,0,0,0.0,22.2,33.3,4535,1,35,52.2,0.13,0,0,28.77,42.47,40.0,53.85,7.1,60.24,74.7,5.97,39.34,59.02,6.82,0.28,0,3,0.15,14,5,3,3,35.714285714285715,57.14285714285714,78.57142857142857,0,0,5,0,0,0,6,0,2,1,0,0,35.7,57.1,78.5,1474.0,105,0.00043920990088512385,0.012748179773297608,18.790816985840674
20250813,05,9R,曇,30.0,1.0,南東,27.0,0.02,1-5-4,1,5,4,4568,2,37,51.0,0.14,1,0,30.0,47.14,42.68,60.98,6.15,42.39,61.96,5.05,27.27,43.64,6.68,0.22,0,1,0.15,23,18,5,0,78.26086956521739,100.0,100.0,18,0,0,0,0,0,0,2,0,3,0,0,78.2,100.0,100.0,4152,3,45,52.0,0.17,0,0,28.77,43.84,34.62,51.92,5.38,34.86,51.38,5.51,37.29,49.15,6.77,0.08,0,5,0.16,18,0,4,2,0.0,22.22222222222222,33.33333333333333,0,0,0,0,0,0,11,4,3,0,0,0,0.0,22.2,33.3,4465,3,39,52.0,0.18,0,0,45.95,56.76,38.03,50.7,3.77,14.77,25.0,3.58,8.89,22.22,6.81,0.14,0,4,0.2,22,0,1,4,0.0,4.545454545454546,22.727272727272727,0,0,0,0,0,0,12,1,3,4,1,1,0.0,4.5,22.7,86.4,26,0.004027101696154754,0.1168876573239184,10.09909359278655
20250813,05,9R,曇,30.0,1.0,南東,27.0,0.02,4-5-3,4,5,3,4465,3,39,52.0,0.18,0,0,45.95,56.76,38.03,50.7,3.77,14.77,25.0,3.58,8.89,22.22,6.81,0.14,0,4,0.2,22,0,1,4,0.0,4.545454545454546,22.727272727272727,0,0,0,0,0,0,12,1,3,4,1,1,0.0,4.5,22.7,4152,3,45,52.0,0.17,0,0,28.77,43.84,34.62,51.92,5.38,34.86,51.38,5.51,37.29,49.15,6.77,0.08,0,5,0.16,18,0,4,2,0.0,22.22222222222222,33.33333333333333,0,0,0,0,0,0,11,4,3,0,0,0,0.0,22.2,33.3,4535,1,35,52.2,0.13,0,0,28.77,42.47,40.0,53.85,7.1,60.24,74.7,5.97,39.34,59.02,6.82,0.28,0,3,0.15,14,5,3,3,35.714285714285715,57.14285714285714,78.57142857142857,0,0,5,0,0,0,6,0,2,1,0,0,35.7,57.1,78.5,506.2,77,0.0006809762978589231,0.019765511316947284,10.005301828638714
20250813,05,9R,曇,30.0,1.0,南東,27.0,0.02,1-6-5,1,6,5,4568,2,37,51.0,0.14,1,0,30.0,47.14,42.68,60.98,6.15,42.39,61.96,5.05,27.27,43.64,6.68,0.22,0,1,0.15,23,18,5,0,78.26086956521739,100.0,100.0,18,0,0,0,0,0,0,2,0,3,0,0,78.2,100.0,100.0,4281,3,41,53.8,0.16,0,0,30.77,49.23,40.0,55.38,5.11,26.32,47.37,5.11,29.73,56.76,6.82,0.05,0,6,0.14,9,0,0,1,0.0,0.0,11.11111111111111,0,0,0,0,0,0,6,1,0,1,1,0,0.0,0.0,11.1,4152,3,45,52.0,0.17,0,0,28.77,43.84,34.62,51.92,5.38,34.86,51.38,5.51,37.29,49.15,6.77,0.08,0,5,0.16,18,0,4,2,0.0,22.22222222222222,33.33333333333333,0,0,0,0,0,0,11,4,3,0,0,0,0.0,22.2,33.3,293.9,52,0.001163102164326207,0.033759337974077604,9.921869430581406
20250813,05,9R,曇,30.0,1.0,南東,27.0,0.02,2-5-3,2,5,3,4230,1,42,53.6,0.14,1,0,31.08,54.05,32.5,43.75,7.05,52.54,68.64,8.1,80.0,90.0,6.83,0.18,0,2,0.17,20,6,4,3,30.0,50.0,65.0,0,2,3,0,1,0,9,1,1,2,1,0,30.0,50.0,65.0,4152,3,45,52.0,0.17,0,0,28.77,43.84,34.62,51.92,5.38,34.86,51.38,5.51,37.29,49.15,6.77,0.08,0,5,0.16,18,0,4,2,0.0,22.22222222222222,33.33333333333333,0,0,0,0,0,0,11,4,3,0,0,0,0.0,22.2,33.3,4535,1,35,52.2,0.13,0,0,28.77,42.47,40.0,53.85,7.1,60.24,74.7,5.97,39.34,59.02,6.82,0.28,0,3,0.15,14,5,3,3,35.714285714285715,57.14285714285714,78.57142857142857,0,0,5,0,0,0,6,0,2,1,0,0,35.7,57.1,78.5,83.9,25,0.002802736334172228,0.08135013935973605,6.825276692281855
20250813,05,9R,曇,30.0,1.0,南東,27.0,0.02,1-6-4,1,6,4,4568,2,37,51.0,0.14,1,0,30.0,47.14,42.68,60.98,6.15,42.39,61.96,5.05,27.27,43.64,6.68,0.22,0,1,0.15,23,18,5,0,78.26086956521739,100.0,100.0,18,0,0,0,0,0,0,2,0,3,0,0,78.2,100.0,100.0,4281,3,41,53.8,0.16,0,0,30.77,49.23,40.0,55.38,5.11,26.32,47.37,5.11,29.73,56.76,6.82,0.05,0,6,0.14,9,0,0,1,0.0,0.0,11.11111111111111,0,0,0,0,0,0,6,1,0,1,1,0,0.0,0.0,11.1,4465,3,39,52.0,0.18,0,0,45.95,56.76,38.03,50.7,3.77,14.77,25.0,3.58,8.89,22.22,6.81,0.14,0,4,0.2,22,0,1,4,0.0,4.545454545454546,22.727272727272727,0,0,0,0,0,0,12,1,3,4,1,1,0.0,4.5,22.7,487.3,76,0.00032971572666056945,0.009570083345301838,4.663501614165585
20250813,05,9R,曇,30.0,1.0,南東,27.0,0.02,2-5-6,2,5,6,4230,1,42,53.6,0.14,1,0,31.08,54.05,32.5,43.75,7.05,52.54,68.64,8.1,80.0,90.0,6.83,0.18,0,2,0.17,20,6,4,3,30.0,50.0,65.0,0,2,3,0,1,0,9,1,1,2,1,0,30.0,50.0,65.0,4152,3,45,52.0,0.17,0,0,28.77,43.84,34.62,51.92,5.38,34.86,51.38,5.51,37.29,49.15,6.77,0.08,0,5,0.16,18,0,4,2,0.0,22.22222222222222,33.33333333333333,0,0,0,0,0,0,11,4,3,0,0,0,0.0,22.2,33.3,4281,3,41,53.8,0.16,0,0,30.77,49.23,40.0,55.38,5.11,26.32,47.37,5.11,29.73,56.76,6.82,0.05,0,6,0.14,9,0,0,1,0.0,0.0,11.11111111111111,0,0,0,0,0,0,6,1,0,1,1,0,0.0,0.0,11.1,256.5,49,0.0005891459614642076,0.017100112302391786,4.386178805563493
20250813,05,9R,曇,30.0,1.0,南東,27.0,0.02,1-5-3,1,5,3,4568,2,37,51.0,0.14,1,0,30.0,47.14,42.68,60.98,6.15,42.39,61.96,5.05,27.27,43.64,6.68,0.22,0,1,0.15,23,18,5,0,78.26086956521739,100.0,100.0,18,0,0,0,0,0,0,2,0,3,0,0,78.2,100.0,100.0,4152,3,45,52.0,0.17,0,0,28.77,43.84,34.62,51.92,5.38,34.86,51.38,5.51,37.29,49.15,6.77,0.08,0,5,0.16,18,0,4,2,0.0,22.22222222222222,33.33333333333333,0,0,0,0,0,0,11,4,3,0,0,0,0.0,22.2,33.3,4535,1,35,52.2,0.13,0,0,28.77,42.47,40.0,53.85,7.1,60.24,74.7,5.97,39.34,59.02,6.82,0.28,0,3,0.15,14,5,3,3,35.714285714285715,57.14285714285714,78.57142857142857,0,0,5,0,0,0,6,0,2,1,0,0,35.7,57.1,78.5,26.0,9,0.004684601114588116,0.13597174620746894,3.5352654013941924
20250813,05,9R,曇,30.0,1.0,南東,27.0,0.02,6-4-3,6,4,3,4281,3,41,53.8,0.16,0,0,30.77,49.23,40.0,55.38,5.11,26.32,47.37,5.11,29.73,56.76,6.82,0.05,0,6,0.14,9,0,0,1,0.0,0.0,11.11111111111111,0,0,0,0,0,0,6,1,0,1,1,0,0.0,0.0,11.1,4465,3,39,52.0,0.18,0,0,45.95,56.76,38.03,50.7,3.77,14.77,25.0,3.58,8.89,22.22,6.81,0.14,0,4,0.2,22,0,1,4,0.0,4.545454545454546,22.727272727272727,0,0,0,0,0,0,12,1,3,4,1,1,0.0,4.5,22.7,4535,1,35,52.2,0.13,0,0,28.77,42.47,40.0,53.85,7.1,60.24,74.7,5.97,39.34,59.02,6.82,0.28,0,3,0.15,14,5,3,3,35.714285714285715,57.14285714285714,78.57142857142857,0,0,5,0,0,0,6,0,2,1,0,0,35.7,57.1,78.5,2043.0,115,5.520198524536538e-05,0.0016022517487257202,3.2734003226466464
20250813,05,9R,曇,30.0,1.0,南東,27.0,0.02,6-1-5,6,1,5,4281,3,41,53.8,0.16,0,0,30.77,49.23,40.0,55.38,5.11,26.32,47.37,5.11,29.73,56.76,6.82,0.05,0,6,0.14,9,0,0,1,0.0,0.0,11.11111111111111,0,0,0,0,0,0,6,1,0,1,1,0,0.0,0.0,11.1,4568,2,37,51.0,0.14,1,0,30.0,47.14,42.68,60.98,6.15,42.39,61.96,5.05,27.27,43.64,6.68,0.22,0,1,0.15,23,18,5,0,78.26086956521739,100.0,100.0,18,0,0,0,0,0,0,2,0,3,0,0,78.2,100.0,100.0,4152,3,45,52.0,0.17,0,0,28.77,43.84,34.62,51.92,5.38,34.86,51.38,5.51,37.29,49.15,6.77,0.08,0,5,0.16,18,0,4,2,0.0,22.22222222222222,33.33333333333333,0,0,0,0,0,0,11,4,3,0,0,0,0.0,22.2,33.3,1823.0,113,5.405302675896763e-05,0.001568902934623086,2.860110049817886
20250813,05,9R,曇,30.0,1.0,南東,27.0,0.02,4-6-3,4,6,3,4465,3,39,52.0,0.18,0,0,45.95,56.76,38.03,50.7,3.77,14.77,25.0,3.58,8.89,22.22,6.81,0.14,0,4,0.2,22,0,1,4,0.0,4.545454545454546,22.727272727272727,0,0,0,0,0,0,12,1,3,4,1,1,0.0,4.5,22.7,4281,3,41,53.8,0.16,0,0,30.77,49.23,40.0,55.38,5.11,26.32,47.37,5.11,29.73,56.76,6.82,0.05,0,6,0.14,9,0,0,1,0.0,0.0,11.11111111111111,0,0,0,0,0,0,6,1,0,1,1,0,0.0,0.0,11.1,4535,1,35,52.2,0.13,0,0,28.77,42.47,40.0,53.85,7.1,60.24,74.7,5.97,39.34,59.02,6.82,0.28,0,3,0.15,14,5,3,3,35.714285714285715,57.14285714285714,78.57142857142857,0,0,5,0,0,0,6,0,2,1,0,0,35.7,57.1,78.5,1437.0,104,6.367654843243937e-05,0.0018482281139926909,2.6559037998074966
20250813,05,9R,曇,30.0,1.0,南東,27.0,0.02,3-4-6,3,4,6,4535,1,35,52.2,0.13,0,0,28.77,42.47,40.0,53.85,7.1,60.24,74.7,5.97,39.34,59.02,6.82,0.28,0,3,0.15,14,5,3,3,35.714285714285715,57.14285714285714,78.57142857142857,0,0,5,0,0,0,6,0,2,1,0,0,35.7,57.1,78.5,4465,3,39,52.0,0.18,0,0,45.95,56.76,38.03,50.7,3.77,14.77,25.0,3.58,8.89,22.22,6.81,0.14,0,4,0.2,22,0,1,4,0.0,4.545454545454546,22.727272727272727,0,0,0,0,0,0,12,1,3,4,1,1,0.0,4.5,22.7,4281,3,41,53.8,0.16,0,0,30.77,49.23,40.0,55.38,5.11,26.32,47.37,5.11,29.73,56.76,6.82,0.05,0,6,0.14,9,0,0,1,0.0,0.0,11.11111111111111,0,0,0,0,0,0,6,1,0,1,1,0,0.0,0.0,11.1,390.7,62,0.00022384008617715566,0.006497015785177305,2.538384067268773
20250813,05,9R,曇,30.0,1.0,南東,27.0,0.02,5-6-3,5,6,3,4152,3,45,52.0,0.17,0,0,28.77,43.84,34.62,51.92,5.38,34.86,51.38,5.51,37.29,49.15,6.77,0.08,0,5,0.16,18,0,4,2,0.0,22.22222222222222,33.33333333333333,0,0,0,0,0,0,11,4,3,0,0,0,0.0,22.2,33.3,4281,3,41,53.8,0.16,0,0,30.77,49.23,40.0,55.38,5.11,26.32,47.37,5.11,29.73,56.76,6.82,0.05,0,6,0.14,9,0,0,1,0.0,0.0,11.11111111111111,0,0,0,0,0,0,6,1,0,1,1,0,0.0,0.0,11.1,4535,1,35,52.2,0.13,0,0,28.77,42.47,40.0,53.85,7.1,60.24,74.7,5.97,39.34,59.02,6.82,0.28,0,3,0.15,14,5,3,3,35.714285714285715,57.14285714285714,78.57142857142857,0,0,5,0,0,0,6,0,2,1,0,0,35.7,57.1,78.5,681.0,90,0.00012413455970738098,0.003603037363319233,2.4536684444203978
20250813,05,9R,曇,30.0,1.0,南東,27.0,0.02,6-5-4,6,5,4,4281,3,41,53.8,0.16,0,0,30.77,49.23,40.0,55.38,5.11,26.32,47.37,5.11,29.73,56.76,6.82,0.05,0,6,0.14,9,0,0,1,0.0,0.0,11.11111111111111,0,0,0,0,0,0,6,1,0,1,1,0,0.0,0.0,11.1,4152,3,45,52.0,0.17,0,0,28.77,43.84,34.62,51.92,5.38,34.86,51.38,5.51,37.29,49.15,6.77,0.08,0,5,0.16,18,0,4,2,0.0,22.22222222222222,33.33333333333333,0,0,0,0,0,0,11,4,3,0,0,0,0.0,22.2,33.3,4465,3,39,52.0,0.18,0,0,45.95,56.76,38.03,50.7,3.77,14.77,25.0,3.58,8.89,22.22,6.81,0.14,0,4,0.2,22,0,1,4,0.0,4.545454545454546,22.727272727272727,0,0,0,0,0,0,12,1,3,4,1,1,0.0,4.5,22.7,1356.0,101,5.9767435314327505e-05,0.0017347651053414349,2.3523414828429856
20250813,05,9R,曇,30.0,1.0,南東,27.0,0.02,2-4-6,2,4,6,4230,1,42,53.6,0.14,1,0,31.08,54.05,32.5,43.75,7.05,52.54,68.64,8.1,80.0,90.0,6.83,0.18,0,2,0.17,20,6,4,3,30.0,50.0,65.0,0,2,3,0,1,0,9,1,1,2,1,0,30.0,50.0,65.0,4465,3,39,52.0,0.18,0,0,45.95,56.76,38.03,50.7,3.77,14.77,25.0,3.58,8.89,22.22,6.81,0.14,0,4,0.2,22,0,1,4,0.0,4.545454545454546,22.727272727272727,0,0,0,0,0,0,12,1,3,4,1,1,0.0,4.5,22.7,4281,3,41,53.8,0.16,0,0,30.77,49.23,40.0,55.38,5.11,26.32,47.37,5.11,29.73,56.76,6.82,0.05,0,6,0.14,9,0,0,1,0.0,0.0,11.11111111111111,0,0,0,0,0,0,6,1,0,1,1,0,0.0,0.0,11.1,515.4,79,0.00013970310736065295,0.004054918443169872,2.089904965609752
20250813,05,9R,曇,30.0,1.0,南東,27.0,0.02,6-3-5,6,3,5,4281,3,41,53.8,0.16,0,0,30.77,49.23,40.0,55.38,5.11,26.32,47.37,5.11,29.73,56.76,6.82,0.05,0,6,0.14,9,0,0,1,0.0,0.0,11.11111111111111,0,0,0,0,0,0,6,1,0,1,1,0,0.0,0.0,11.1,4535,1,35,52.2,0.13,0,0,28.77,42.47,40.0,53.85,7.1,60.24,74.7,5.97,39.34,59.02,6.82,0.28,0,3,0.15,14,5,3,3,35.714285714285715,57.14285714285714,78.57142857142857,0,0,5,0,0,0,6,0,2,1,0,0,35.7,57.1,78.5,4152,3,45,52.0,0.17,0,0,28.77,43.84,34.62,51.92,5.38,34.86,51.38,5.51,37.29,49.15,6.77,0.08,0,5,0.16,18,0,4,2,0.0,22.22222222222222,33.33333333333333,0,0,0,0,0,0,11,4,3,0,0,0,0.0,22.2,33.3,1785.0,110,3.586362658623805e-05,0.0010409509396814775,1.8580974273314372
20250813,05,9R,曇,30.0,1.0,南東,27.0,0.02,2-6-3,2,6,3,4230,1,42,53.6,0.14,1,0,31.08,54.05,32.5,43.75,7.05,52.54,68.64,8.1,80.0,90.0,6.83,0.18,0,2,0.17,20,6,4,3,30.0,50.0,65.0,0,2,3,0,1,0,9,1,1,2,1,0,30.0,50.0,65.0,4281,3,41,53.8,0.16,0,0,30.77,49.23,40.0,55.38,5.11,26.32,47.37,5.11,29.73,56.76,6.82,0.05,0,6,0.14,9,0,0,1,0.0,0.0,11.11111111111111,0,0,0,0,0,0,6,1,0,1,1,0,0.0,0.0,11.1,4535,1,35,52.2,0.13,0,0,28.77,42.47,40.0,53.85,7.1,60.24,74.7,5.97,39.34,59.02,6.82,0.28,0,3,0.15,14,5,3,3,35.714285714285715,57.14285714285714,78.57142857142857,0,0,5,0,0,0,6,0,2,1,0,0,35.7,57.1,78.5,538.3,81,0.00011727061263439893,0.003403809542943523,1.8322706769664983
20250813,05,9R,曇,30.0,1.0,南東,27.0,0.02,6-4-5,6,4,5,4281,3,41,53.8,0.16,0,0,30.77,49.23,40.0,55.38,5.11,26.32,47.37,5.11,29.73,56.76,6.82,0.05,0,6,0.14,9,0,0,1,0.0,0.0,11.11111111111111,0,0,0,0,0,0,6,1,0,1,1,0,0.0,0.0,11.1,4465,3,39,52.0,0.18,0,0,45.95,56.76,38.03,50.7,3.77,14.77,25.0,3.58,8.89,22.22,6.81,0.14,0,4,0.2,22,0,1,4,0.0,4.545454545454546,22.727272727272727,0,0,0,0,0,0,12,1,3,4,1,1,0.0,4.5,22.7,4152,3,45,52.0,0.17,0,0,28.77,43.84,34.62,51.92,5.38,34.86,51.38,5.51,37.29,49.15,6.77,0.08,0,5,0.16,18,0,4,2,0.0,22.22222222222222,33.33333333333333,0,0,0,0,0,0,11,4,3,0,0,0,0.0,22.2,33.3,1390.0,103,4.411384629718704e-05,0.0012804156781412099,1.7797777926162817
20250813,05,9R,曇,30.0,1.0,南東,27.0,0.02,1-6-3,1,6,3,4568,2,37,51.0,0.14,1,0,30.0,47.14,42.68,60.98,6.15,42.39,61.96,5.05,27.27,43.64,6.68,0.22,0,1,0.15,23,18,5,0,78.26086956521739,100.0,100.0,18,0,0,0,0,0,0,2,0,3,0,0,78.2,100.0,100.0,4281,3,41,53.8,0.16,0,0,30.77,49.23,40.0,55.38,5.11,26.32,47.37,5.11,29.73,56.76,6.82,0.05,0,6,0.14,9,0,0,1,0.0,0.0,11.11111111111111,0,0,0,0,0,0,6,1,0,1,1,0,0.0,0.0,11.1,4535,1,35,52.2,0.13,0,0,28.77,42.47,40.0,53.85,7.1,60.24,74.7,5.97,39.34,59.02,6.82,0.28,0,3,0.15,14,5,3,3,35.714285714285715,57.14285714285714,78.57142857142857,0,0,5,0,0,0,6,0,2,1,0,0,35.7,57.1,78.5,210.1,46,0.0002902751950290829,0.008425311821300768,1.7701580136552915
20250813,05,9R,曇,30.0,1.0,南東,27.0,0.02,6-1-3,6,1,3,4281,3,41,53.8,0.16,0,0,30.77,49.23,40.0,55.38,5.11,26.32,47.37,5.11,29.73,56.76,6.82,0.05,0,6,0.14,9,0,0,1,0.0,0.0,11.11111111111111,0,0,0,0,0,0,6,1,0,1,1,0,0.0,0.0,11.1,4568,2,37,51.0,0.14,1,0,30.0,47.14,42.68,60.98,6.15,42.39,61.96,5.05,27.27,43.64,6.68,0.22,0,1,0.15,23,18,5,0,78.26086956521739,100.0,100.0,18,0,0,0,0,0,0,2,0,3,0,0,78.2,100.0,100.0,4535,1,35,52.2,0.13,0,0,28.77,42.47,40.0,53.85,7.1,60.24,74.7,5.97,39.34,59.02,6.82,0.28,0,3,0.15,14,5,3,3,35.714285714285715,57.14285714285714,78.57142857142857,0,0,5,0,0,0,6,0,2,1,0,0,35.7,57.1,78.5,1823.0,112,3.1652107279519755e-05,0.0009187105140158433,1.6748092670508825
20250813,05,9R,曇,30.0,1.0,南東,27.0,0.02,5-4-6,5,4,6,4152,3,45,52.0,0.17,0,0,28.77,43.84,34.62,51.92,5.38,34.86,51.38,5.51,37.29,49.15,6.77,0.08,0,5,0.16,18,0,4,2,0.0,22.22222222222222,33.33333333333333,0,0,0,0,0,0,11,4,3,0,0,0,0.0,22.2,33.3,4465,3,39,52.0,0.18,0,0,45.95,56.76,38.03,50.7,3.77,14.77,25.0,3.58,8.89,22.22,6.81,0.14,0,4,0.2,22,0,1,4,0.0,4.545454545454546,22.727272727272727,0,0,0,0,0,0,12,1,3,4,1,1,0.0,4.5,22.7,4281,3,41,53.8,0.16,0,0,30.77,49.23,40.0,55.38,5.11,26.32,47.37,5.11,29.73,56.76,6.82,0.05,0,6,0.14,9,0,0,1,0.0,0.0,11.11111111111111,0,0,0,0,0,0,6,1,0,1,1,0,0.0,0.0,11.1,586.8,84,9.816481563379166e-05,0.0028492588955536854,1.6719451199109026
20250813,05,9R,曇,30.0,1.0,南東,27.0,0.02,4-5-6,4,5,6,4465,3,39,52.0,0.18,0,0,45.95,56.76,38.03,50.7,3.77,14.77,25.0,3.58,8.89,22.22,6.81,0.14,0,4,0.2,22,0,1,4,0.0,4.545454545454546,22.727272727272727,0,0,0,0,0,0,12,1,3,4,1,1,0.0,4.5,22.7,4152,3,45,52.0,0.17,0,0,28.77,43.84,34.62,51.92,5.38,34.86,51.38,5.51,37.29,49.15,6.77,0.08,0,5,0.16,18,0,4,2,0.0,22.22222222222222,33.33333333333333,0,0,0,0,0,0,11,4,3,0,0,0,0.0,22.2,33.3,4281,3,41,53.8,0.16,0,0,30.77,49.23,40.0,55.38,5.11,26.32,47.37,5.11,29.73,56.76,6.82,0.05,0,6,0.14,9,0,0,1,0.0,0.0,11.11111111111111,0,0,0,0,0,0,6,1,0,1,1,0,0.0,0.0,11.1,449.8,70,0.00012803139659383361,0.0037161440512049164,1.6715215942319714
20250813,05,9R,曇,30.0,1.0,南東,27.0,0.02,3-5-6,3,5,6,4535,1,35,52.2,0.13,0,0,28.77,42.47,40.0,53.85,7.1,60.24,74.7,5.97,39.34,59.02,6.82,0.28,0,3,0.15,14,5,3,3,35.714285714285715,57.14285714285714,78.57142857142857,0,0,5,0,0,0,6,0,2,1,0,0,35.7,57.1,78.5,4152,3,45,52.0,0.17,0,0,28.77,43.84,34.62,51.92,5.38,34.86,51.38,5.51,37.29,49.15,6.77,0.08,0,5,0.16,18,0,4,2,0.0,22.22222222222222,33.33333333333333,0,0,0,0,0,0,11,4,3,0,0,0,0.0,22.2,33.3,4281,3,41,53.8,0.16,0,0,30.77,49.23,40.0,55.38,5.11,26.32,47.37,5.11,29.73,56.76,6.82,0.05,0,6,0.14,9,0,0,1,0.0,0.0,11.11111111111111,0,0,0,0,0,0,6,1,0,1,1,0,0.0,0.0,11.1,154.1,41,0.0003142474848971399,0.00912111366957359,1.4055636164812901
20250813,05,9R,曇,30.0,1.0,南東,27.0,0.02,2-6-5,2,6,5,4230,1,42,53.6,0.14,1,0,31.08,54.05,32.5,43.75,7.05,52.54,68.64,8.1,80.0,90.0,6.83,0.18,0,2,0.17,20,6,4,3,30.0,50.0,65.0,0,2,3,0,1,0,9,1,1,2,1,0,30.0,50.0,65.0,4281,3,41,53.8,0.16,0,0,30.77,49.23,40.0,55.38,5.11,26.32,47.37,5.11,29.73,56.76,6.82,0.05,0,6,0.14,9,0,0,1,0.0,0.0,11.11111111111111,0,0,0,0,0,0,6,1,0,1,1,0,0.0,0.0,11.1,4152,3,45,52.0,0.17,0,0,28.77,43.84,34.62,51.92,5.38,34.86,51.38,5.51,37.29,49.15,6.77,0.08,0,5,0.16,18,0,4,2,0.0,22.22222222222222,33.33333333333333,0,0,0,0,0,0,11,4,3,0,0,0,0.0,22.2,33.3,675.6,89,7.129685768857866e-05,0.0020694095402984604,1.39809308542564
20250813,05,9R,曇,30.0,1.0,南東,27.0,0.02,5-2-3,5,2,3,4152,3,45,52.0,0.17,0,0,28.77,43.84,34.62,51.92,5.38,34.86,51.38,5.51,37.29,49.15,6.77,0.08,0,5,0.16,18,0,4,2,0.0,22.22222222222222,33.33333333333333,0,0,0,0,0,0,11,4,3,0,0,0,0.0,22.2,33.3,4230,1,42,53.6,0.14,1,0,31.08,54.05,32.5,43.75,7.05,52.54,68.64,8.1,80.0,90.0,6.83,0.18,0,2,0.17,20,6,4,3,30.0,50.0,65.0,0,2,3,0,1,0,9,1,1,2,1,0,30.0,50.0,65.0,4535,1,35,52.2,0.13,0,0,28.77,42.47,40.0,53.85,7.1,60.24,74.7,5.97,39.34,59.02,6.82,0.28,0,3,0.15,14,5,3,3,35.714285714285715,57.14285714285714,78.57142857142857,0,0,5,0,0,0,6,0,2,1,0,0,35.7,57.1,78.5,132.3,38,0.00035875298979578006,0.010412897338853023,1.377626317930255
20250813,05,9R,曇,30.0,1.0,南東,27.0,0.02,3-6-5,3,6,5,4535,1,35,52.2,0.13,0,0,28.77,42.47,40.0,53.85,7.1,60.24,74.7,5.97,39.34,59.02,6.82,0.28,0,3,0.15,14,5,3,3,35.714285714285715,57.14285714285714,78.57142857142857,0,0,5,0,0,0,6,0,2,1,0,0,35.7,57.1,78.5,4281,3,41,53.8,0.16,0,0,30.77,49.23,40.0,55.38,5.11,26.32,47.37,5.11,29.73,56.76,6.82,0.05,0,6,0.14,9,0,0,1,0.0,0.0,11.11111111111111,0,0,0,0,0,0,6,1,0,1,1,0,0.0,0.0,11.1,4152,3,45,52.0,0.17,0,0,28.77,43.84,34.62,51.92,5.38,34.86,51.38,5.51,37.29,49.15,6.77,0.08,0,5,0.16,18,0,4,2,0.0,22.22222222222222,33.33333333333333,0,0,0,0,0,0,11,4,3,0,0,0,0.0,22.2,33.3,467.1,73,9.692523342212332e-05,0.0028132797046331623,1.3140829500341502
20250813,05,9R,曇,30.0,1.0,南東,27.0,0.02,4-2-5,4,2,5,4465,3,39,52.0,0.18,0,0,45.95,56.76,38.03,50.7,3.77,14.77,25.0,3.58,8.89,22.22,6.81,0.14,0,4,0.2,22,0,1,4,0.0,4.545454545454546,22.727272727272727,0,0,0,0,0,0,12,1,3,4,1,1,0.0,4.5,22.7,4230,1,42,53.6,0.14,1,0,31.08,54.05,32.5,43.75,7.05,52.54,68.64,8.1,80.0,90.0,6.83,0.18,0,2,0.17,20,6,4,3,30.0,50.0,65.0,0,2,3,0,1,0,9,1,1,2,1,0,30.0,50.0,65.0,4152,3,45,52.0,0.17,0,0,28.77,43.84,34.62,51.92,5.38,34.86,51.38,5.51,37.29,49.15,6.77,0.08,0,5,0.16,18,0,4,2,0.0,22.22222222222222,33.33333333333333,0,0,0,0,0,0,11,4,3,0,0,0,0.0,22.2,33.3,639.9,87,6.619094129671809e-05,0.0019212090103475422,1.2293816457213922
20250813,05,9R,曇,30.0,1.0,南東,27.0,0.02,6-2-3,6,2,3,4281,3,41,53.8,0.16,0,0,30.77,49.23,40.0,55.38,5.11,26.32,47.37,5.11,29.73,56.76,6.82,0.05,0,6,0.14,9,0,0,1,0.0,0.0,11.11111111111111,0,0,0,0,0,0,6,1,0,1,1,0,0.0,0.0,11.1,4230,1,42,53.6,0.14,1,0,31.08,54.05,32.5,43.75,7.05,52.54,68.64,8.1,80.0,90.0,6.83,0.18,0,2,0.17,20,6,4,3,30.0,50.0,65.0,0,2,3,0,1,0,9,1,1,2,1,0,30.0,50.0,65.0,4535,1,35,52.2,0.13,0,0,28.77,42.47,40.0,53.85,7.1,60.24,74.7,5.97,39.34,59.02,6.82,0.28,0,3,0.15,14,5,3,3,35.714285714285715,57.14285714285714,78.57142857142857,0,0,5,0,0,0,6,0,2,1,0,0,35.7,57.1,78.5,1009.0,97,3.841598950962383e-05,0.0011150339267189937,1.1250692320594646
20250813,05,9R,曇,30.0,1.0,南東,27.0,0.02,1-2-6,1,2,6,4568,2,37,51.0,0.14,1,0,30.0,47.14,42.68,60.98,6.15,42.39,61.96,5.05,27.27,43.64,6.68,0.22,0,1,0.15,23,18,5,0,78.26086956521739,100.0,100.0,18,0,0,0,0,0,0,2,0,3,0,0,78.2,100.0,100.0,4230,1,42,53.6,0.14,1,0,31.08,54.05,32.5,43.75,7.05,52.54,68.64,8.1,80.0,90.0,6.83,0.18,0,2,0.17,20,6,4,3,30.0,50.0,65.0,0,2,3,0,1,0,9,1,1,2,1,0,30.0,50.0,65.0,4281,3,41,53.8,0.16,0,0,30.77,49.23,40.0,55.38,5.11,26.32,47.37,5.11,29.73,56.76,6.82,0.05,0,6,0.14,9,0,0,1,0.0,0.0,11.11111111111111,0,0,0,0,0,0,6,1,0,1,1,0,0.0,0.0,11.1,59.7,18,0.0006223695441100962,0.018064435291079546,1.078446786877449
20250813,05,9R,曇,30.0,1.0,南東,27.0,0.02,5-3-6,5,3,6,4152,3,45,52.0,0.17,0,0,28.77,43.84,34.62,51.92,5.38,34.86,51.38,5.51,37.29,49.15,6.77,0.08,0,5,0.16,18,0,4,2,0.0,22.22222222222222,33.33333333333333,0,0,0,0,0,0,11,4,3,0,0,0,0.0,22.2,33.3,4535,1,35,52.2,0.13,0,0,28.77,42.47,40.0,53.85,7.1,60.24,74.7,5.97,39.34,59.02,6.82,0.28,0,3,0.15,14,5,3,3,35.714285714285715,57.14285714285714,78.57142857142857,0,0,5,0,0,0,6,0,2,1,0,0,35.7,57.1,78.5,4281,3,41,53.8,0.16,0,0,30.77,49.23,40.0,55.38,5.11,26.32,47.37,5.11,29.73,56.76,6.82,0.05,0,6,0.14,9,0,0,1,0.0,0.0,11.11111111111111,0,0,0,0,0,0,6,1,0,1,1,0,0.0,0.0,11.1,399.9,64,7.852895917822306e-05,0.002279323136833786,0.911501322419831
20250813,05,9R,曇,30.0,1.0,南東,27.0,0.02,1-3-6,1,3,6,4568,2,37,51.0,0.14,1,0,30.0,47.14,42.68,60.98,6.15,42.39,61.96,5.05,27.27,43.64,6.68,0.22,0,1,0.15,23,18,5,0,78.26086956521739,100.0,100.0,18,0,0,0,0,0,0,2,0,3,0,0,78.2,100.0,100.0,4535,1,35,52.2,0.13,0,0,28.77,42.47,40.0,53.85,7.1,60.24,74.7,5.97,39.34,59.02,6.82,0.28,0,3,0.15,14,5,3,3,35.714285714285715,57.14285714285714,78.57142857142857,0,0,5,0,0,0,6,0,2,1,0,0,35.7,57.1,78.5,4281,3,41,53.8,0.16,0,0,30.77,49.23,40.0,55.38,5.11,26.32,47.37,5.11,29.73,56.76,6.82,0.05,0,6,0.14,9,0,0,1,0.0,0.0,11.11111111111111,0,0,0,0,0,0,6,1,0,1,1,0,0.0,0.0,11.1,35.3,15,0.0008471925939390866,0.02458998184780584,0.8680263592275461
20250813,05,9R,曇,30.0,1.0,南東,27.0,0.02,6-2-5,6,2,5,4281,3,41,53.8,0.16,0,0,30.77,49.23,40.0,55.38,5.11,26.32,47.37,5.11,29.73,56.76,6.82,0.05,0,6,0.14,9,0,0,1,0.0,0.0,11.11111111111111,0,0,0,0,0,0,6,1,0,1,1,0,0.0,0.0,11.1,4230,1,42,53.6,0.14,1,0,31.08,54.05,32.5,43.75,7.05,52.54,68.64,8.1,80.0,90.0,6.83,0.18,0,2,0.17,20,6,4,3,30.0,50.0,65.0,0,2,3,0,1,0,9,1,1,2,1,0,30.0,50.0,65.0,4152,3,45,52.0,0.17,0,0,28.77,43.84,34.62,51.92,5.38,34.86,51.38,5.51,37.29,49.15,6.77,0.08,0,5,0.16,18,0,4,2,0.0,22.22222222222222,33.33333333333333,0,0,0,0,0,0,11,4,3,0,0,0,0.0,22.2,33.3,1843.0,114,1.4788269881406161e-05,0.00042923331783797133,0.7910770047753811
20250813,05,9R,曇,30.0,1.0,南東,27.0,0.02,2-6-4,2,6,4,4230,1,42,53.6,0.14,1,0,31.08,54.05,32.5,43.75,7.05,52.54,68.64,8.1,80.0,90.0,6.83,0.18,0,2,0.17,20,6,4,3,30.0,50.0,65.0,0,2,3,0,1,0,9,1,1,2,1,0,30.0,50.0,65.0,4281,3,41,53.8,0.16,0,0,30.77,49.23,40.0,55.38,5.11,26.32,47.37,5.11,29.73,56.76,6.82,0.05,0,6,0.14,9,0,0,1,0.0,0.0,11.11111111111111,0,0,0,0,0,0,6,1,0,1,1,0,0.0,0.0,11.1,4465,3,39,52.0,0.18,0,0,45.95,56.76,38.03,50.7,3.77,14.77,25.0,3.58,8.89,22.22,6.81,0.14,0,4,0.2,22,0,1,4,0.0,4.545454545454546,22.727272727272727,0,0,0,0,0,0,12,1,3,4,1,1,0.0,4.5,22.7,1314.0,100,1.987677766135485e-05,0.000576928558373034,0.7580841257021667
20250813,05,9R,曇,30.0,1.0,南東,27.0,0.02,6-5-2,6,5,2,4281,3,41,53.8,0.16,0,0,30.77,49.23,40.0,55.38,5.11,26.32,47.37,5.11,29.73,56.76,6.82,0.05,0,6,0.14,9,0,0,1,0.0,0.0,11.11111111111111,0,0,0,0,0,0,6,1,0,1,1,0,0.0,0.0,11.1,4152,3,45,52.0,0.17,0,0,28.77,43.84,34.62,51.92,5.38,34.86,51.38,5.51,37.29,49.15,6.77,0.08,0,5,0.16,18,0,4,2,0.0,22.22222222222222,33.33333333333333,0,0,0,0,0,0,11,4,3,0,0,0,0.0,22.2,33.3,4230,1,42,53.6,0.14,1,0,31.08,54.05,32.5,43.75,7.05,52.54,68.64,8.1,80.0,90.0,6.83,0.18,0,2,0.17,20,6,4,3,30.0,50.0,65.0,0,2,3,0,1,0,9,1,1,2,1,0,30.0,50.0,65.0,1748.0,109,1.4499298773173465e-05,0.0004208458574696701,0.7356385588569834
20250813,05,9R,曇,30.0,1.0,南東,27.0,0.02,4-2-3,4,2,3,4465,3,39,52.0,0.18,0,0,45.95,56.76,38.03,50.7,3.77,14.77,25.0,3.58,8.89,22.22,6.81,0.14,0,4,0.2,22,0,1,4,0.0,4.545454545454546,22.727272727272727,0,0,0,0,0,0,12,1,3,4,1,1,0.0,4.5,22.7,4230,1,42,53.6,0.14,1,0,31.08,54.05,32.5,43.75,7.05,52.54,68.64,8.1,80.0,90.0,6.83,0.18,0,2,0.17,20,6,4,3,30.0,50.0,65.0,0,2,3,0,1,0,9,1,1,2,1,0,30.0,50.0,65.0,4535,1,35,52.2,0.13,0,0,28.77,42.47,40.0,53.85,7.1,60.24,74.7,5.97,39.34,59.02,6.82,0.28,0,3,0.15,14,5,3,3,35.714285714285715,57.14285714285714,78.57142857142857,0,0,5,0,0,0,6,0,2,1,0,0,35.7,57.1,78.5,603.5,86,4.198061324268263e-05,0.0012184980428093144,0.7353635688354212
20250813,05,9R,曇,30.0,1.0,南東,27.0,0.02,2-4-3,2,4,3,4230,1,42,53.6,0.14,1,0,31.08,54.05,32.5,43.75,7.05,52.54,68.64,8.1,80.0,90.0,6.83,0.18,0,2,0.17,20,6,4,3,30.0,50.0,65.0,0,2,3,0,1,0,9,1,1,2,1,0,30.0,50.0,65.0,4465,3,39,52.0,0.18,0,0,45.95,56.76,38.03,50.7,3.77,14.77,25.0,3.58,8.89,22.22,6.81,0.14,0,4,0.2,22,0,1,4,0.0,4.545454545454546,22.727272727272727,0,0,0,0,0,0,12,1,3,4,1,1,0.0,4.5,22.7,4535,1,35,52.2,0.13,0,0,28.77,42.47,40.0,53.85,7.1,60.24,74.7,5.97,39.34,59.02,6.82,0.28,0,3,0.15,14,5,3,3,35.714285714285715,57.14285714285714,78.57142857142857,0,0,5,0,0,0,6,0,2,1,0,0,35.7,57.1,78.5,305.5,54,7.552522066736526e-05,0.002192138857856414,0.6696984210751346
20250813,05,9R,曇,30.0,1.0,南東,27.0,0.02,1-3-5,1,3,5,4568,2,37,51.0,0.14,1,0,30.0,47.14,42.68,60.98,6.15,42.39,61.96,5.05,27.27,43.64,6.68,0.22,0,1,0.15,23,18,5,0,78.26086956521739,100.0,100.0,18,0,0,0,0,0,0,2,0,3,0,0,78.2,100.0,100.0,4535,1,35,52.2,0.13,0,0,28.77,42.47,40.0,53.85,7.1,60.24,74.7,5.97,39.34,59.02,6.82,0.28,0,3,0.15,14,5,3,3,35.714285714285715,57.14285714285714,78.57142857142857,0,0,5,0,0,0,6,0,2,1,0,0,35.7,57.1,78.5,4152,3,45,52.0,0.17,0,0,28.77,43.84,34.62,51.92,5.38,34.86,51.38,5.51,37.29,49.15,6.77,0.08,0,5,0.16,18,0,4,2,0.0,22.22222222222222,33.33333333333333,0,0,0,0,0,0,11,4,3,0,0,0,0.0,22.2,33.3,10.7,3,0.0018047066918359183,0.052382073580838844,0.5604881873149756
20250813,05,9R,曇,30.0,1.0,南東,27.0,0.02,6-1-2,6,1,2,4281,3,41,53.8,0.16,0,0,30.77,49.23,40.0,55.38,5.11,26.32,47.37,5.11,29.73,56.76,6.82,0.05,0,6,0.14,9,0,0,1,0.0,0.0,11.11111111111111,0,0,0,0,0,0,6,1,0,1,1,0,0.0,0.0,11.1,4568,2,37,51.0,0.14,1,0,30.0,47.14,42.68,60.98,6.15,42.39,61.96,5.05,27.27,43.64,6.68,0.22,0,1,0.15,23,18,5,0,78.26086956521739,100.0,100.0,18,0,0,0,0,0,0,2,0,3,0,0,78.2,100.0,100.0,4230,1,42,53.6,0.14,1,0,31.08,54.05,32.5,43.75,7.05,52.54,68.64,8.1,80.0,90.0,6.83,0.18,0,2,0.17,20,6,4,3,30.0,50.0,65.0,0,2,3,0,1,0,9,1,1,2,1,0,30.0,50.0,65.0,1514.0,106,1.1021171302673713e-05,0.00031989231753575854,0.48431696874913843
20250813,05,9R,曇,30.0,1.0,南東,27.0,0.02,3-6-4,3,6,4,4535,1,35,52.2,0.13,0,0,28.77,42.47,40.0,53.85,7.1,60.24,74.7,5.97,39.34,59.02,6.82,0.28,0,3,0.15,14,5,3,3,35.714285714285715,57.14285714285714,78.57142857142857,0,0,5,0,0,0,6,0,2,1,0,0,35.7,57.1,78.5,4281,3,41,53.8,0.16,0,0,30.77,49.23,40.0,55.38,5.11,26.32,47.37,5.11,29.73,56.76,6.82,0.05,0,6,0.14,9,0,0,1,0.0,0.0,11.11111111111111,0,0,0,0,0,0,6,1,0,1,1,0,0.0,0.0,11.1,4465,3,39,52.0,0.18,0,0,45.95,56.76,38.03,50.7,3.77,14.77,25.0,3.58,8.89,22.22,6.81,0.14,0,4,0.2,22,0,1,4,0.0,4.545454545454546,22.727272727272727,0,0,0,0,0,0,12,1,3,4,1,1,0.0,4.5,22.7,740.5,91,2.193573796403212e-05,0.0006366904080756851,0.4714692471800448
20250813,05,9R,曇,30.0,1.0,南東,27.0,0.02,5-1-3,5,1,3,4152,3,45,52.0,0.17,0,0,28.77,43.84,34.62,51.92,5.38,34.86,51.38,5.51,37.29,49.15,6.77,0.08,0,5,0.16,18,0,4,2,0.0,22.22222222222222,33.33333333333333,0,0,0,0,0,0,11,4,3,0,0,0,0.0,22.2,33.3,4568,2,37,51.0,0.14,1,0,30.0,47.14,42.68,60.98,6.15,42.39,61.96,5.05,27.27,43.64,6.68,0.22,0,1,0.15,23,18,5,0,78.26086956521739,100.0,100.0,18,0,0,0,0,0,0,2,0,3,0,0,78.2,100.0,100.0,4535,1,35,52.2,0.13,0,0,28.77,42.47,40.0,53.85,7.1,60.24,74.7,5.97,39.34,59.02,6.82,0.28,0,3,0.15,14,5,3,3,35.714285714285715,57.14285714285714,78.57142857142857,0,0,5,0,0,0,6,0,2,1,0,0,35.7,57.1,78.5,131.5,37,0.0001192303070521816,0.0034606901749335457,0.45508075800376124
20250813,05,9R,曇,30.0,1.0,南東,27.0,0.02,5-6-4,5,6,4,4152,3,45,52.0,0.17,0,0,28.77,43.84,34.62,51.92,5.38,34.86,51.38,5.51,37.29,49.15,6.77,0.08,0,5,0.16,18,0,4,2,0.0,22.22222222222222,33.33333333333333,0,0,0,0,0,0,11,4,3,0,0,0,0.0,22.2,33.3,4281,3,41,53.8,0.16,0,0,30.77,49.23,40.0,55.38,5.11,26.32,47.37,5.11,29.73,56.76,6.82,0.05,0,6,0.14,9,0,0,1,0.0,0.0,11.11111111111111,0,0,0,0,0,0,6,1,0,1,1,0,0.0,0.0,11.1,4465,3,39,52.0,0.18,0,0,45.95,56.76,38.03,50.7,3.77,14.77,25.0,3.58,8.89,22.22,6.81,0.14,0,4,0.2,22,0,1,4,0.0,4.545454545454546,22.727272727272727,0,0,0,0,0,0,12,1,3,4,1,1,0.0,4.5,22.7,774.3,92,1.9224471895206495e-05,0.0005579952165761857,0.4320556961949406
20250813,05,9R,曇,30.0,1.0,南東,27.0,0.02,4-1-5,4,1,5,4465,3,39,52.0,0.18,0,0,45.95,56.76,38.03,50.7,3.77,14.77,25.0,3.58,8.89,22.22,6.81,0.14,0,4,0.2,22,0,1,4,0.0,4.545454545454546,22.727272727272727,0,0,0,0,0,0,12,1,3,4,1,1,0.0,4.5,22.7,4568,2,37,51.0,0.14,1,0,30.0,47.14,42.68,60.98,6.15,42.39,61.96,5.05,27.27,43.64,6.68,0.22,0,1,0.15,23,18,5,0,78.26086956521739,100.0,100.0,18,0,0,0,0,0,0,2,0,3,0,0,78.2,100.0,100.0,4152,3,45,52.0,0.17,0,0,28.77,43.84,34.62,51.92,5.38,34.86,51.38,5.51,37.29,49.15,6.77,0.08,0,5,0.16,18,0,4,2,0.0,22.22222222222222,33.33333333333333,0,0,0,0,0,0,11,4,3,0,0,0,0.0,22.2,33.3,443.9,68,3.332347191345213e-05,0.0009672223002418885,0.4293499790773743
20250813,05,9R,曇,30.0,1.0,南東,27.0,0.02,6-5-1,6,5,1,4281,3,41,53.8,0.16,0,0,30.77,49.23,40.0,55.38,5.11,26.32,47.37,5.11,29.73,56.76,6.82,0.05,0,6,0.14,9,0,0,1,0.0,0.0,11.11111111111111,0,0,0,0,0,0,6,1,0,1,1,0,0.0,0.0,11.1,4152,3,45,52.0,0.17,0,0,28.77,43.84,34.62,51.92,5.38,34.86,51.38,5.51,37.29,49.15,6.77,0.08,0,5,0.16,18,0,4,2,0.0,22.22222222222222,33.33333333333333,0,0,0,0,0,0,11,4,3,0,0,0,0.0,22.2,33.3,4568,2,37,51.0,0.14,1,0,30.0,47.14,42.68,60.98,6.15,42.39,61.96,5.05,27.27,43.64,6.68,0.22,0,1,0.15,23,18,5,0,78.26086956521739,100.0,100.0,18,0,0,0,0,0,0,2,0,3,0,0,78.2,100.0,100.0,1730.0,108,7.821342891577706e-06,0.00022701647902175756,0.3927385087076406
20250813,05,9R,曇,30.0,1.0,南東,27.0,0.02,5-4-3,5,4,3,4152,3,45,52.0,0.17,0,0,28.77,43.84,34.62,51.92,5.38,34.86,51.38,5.51,37.29,49.15,6.77,0.08,0,5,0.16,18,0,4,2,0.0,22.22222222222222,33.33333333333333,0,0,0,0,0,0,11,4,3,0,0,0,0.0,22.2,33.3,4465,3,39,52.0,0.18,0,0,45.95,56.76,38.03,50.7,3.77,14.77,25.0,3.58,8.89,22.22,6.81,0.14,0,4,0.2,22,0,1,4,0.0,4.545454545454546,22.727272727272727,0,0,0,0,0,0,12,1,3,4,1,1,0.0,4.5,22.7,4535,1,35,52.2,0.13,0,0,28.77,42.47,40.0,53.85,7.1,60.24,74.7,5.97,39.34,59.02,6.82,0.28,0,3,0.15,14,5,3,3,35.714285714285715,57.14285714285714,78.57142857142857,0,0,5,0,0,0,6,0,2,1,0,0,35.7,57.1,78.5,487.3,75,2.619720611229832e-05,0.0007603806116498715,0.3705334720569824
20250813,05,9R,曇,30.0,1.0,南東,27.0,0.02,2-4-5,2,4,5,4230,1,42,53.6,0.14,1,0,31.08,54.05,32.5,43.75,7.05,52.54,68.64,8.1,80.0,90.0,6.83,0.18,0,2,0.17,20,6,4,3,30.0,50.0,65.0,0,2,3,0,1,0,9,1,1,2,1,0,30.0,50.0,65.0,4465,3,39,52.0,0.18,0,0,45.95,56.76,38.03,50.7,3.77,14.77,25.0,3.58,8.89,22.22,6.81,0.14,0,4,0.2,22,0,1,4,0.0,4.545454545454546,22.727272727272727,0,0,0,0,0,0,12,1,3,4,1,1,0.0,4.5,22.7,4152,3,45,52.0,0.17,0,0,28.77,43.84,34.62,51.92,5.38,34.86,51.38,5.51,37.29,49.15,6.77,0.08,0,5,0.16,18,0,4,2,0.0,22.22222222222222,33.33333333333333,0,0,0,0,0,0,11,4,3,0,0,0,0.0,22.2,33.3,313.4,55,3.922410840117389e-05,0.0011384897843554375,0.3568026984169941
20250813,05,9R,曇,30.0,1.0,南東,27.0,0.02,1-4-6,1,4,6,4568,2,37,51.0,0.14,1,0,30.0,47.14,42.68,60.98,6.15,42.39,61.96,5.05,27.27,43.64,6.68,0.22,0,1,0.15,23,18,5,0,78.26086956521739,100.0,100.0,18,0,0,0,0,0,0,2,0,3,0,0,78.2,100.0,100.0,4465,3,39,52.0,0.18,0,0,45.95,56.76,38.03,50.7,3.77,14.77,25.0,3.58,8.89,22.22,6.81,0.14,0,4,0.2,22,0,1,4,0.0,4.545454545454546,22.727272727272727,0,0,0,0,0,0,12,1,3,4,1,1,0.0,4.5,22.7,4281,3,41,53.8,0.16,0,0,30.77,49.23,40.0,55.38,5.11,26.32,47.37,5.11,29.73,56.76,6.82,0.05,0,6,0.14,9,0,0,1,0.0,0.0,11.11111111111111,0,0,0,0,0,0,6,1,0,1,1,0,0.0,0.0,11.1,256.1,48,4.333619102670077e-05,0.0012578440349022195,0.32213385733845845
20250813,05,9R,曇,30.0,1.0,南東,27.0,0.02,1-2-5,1,2,5,4568,2,37,51.0,0.14,1,0,30.0,47.14,42.68,60.98,6.15,42.39,61.96,5.05,27.27,43.64,6.68,0.22,0,1,0.15,23,18,5,0,78.26086956521739,100.0,100.0,18,0,0,0,0,0,0,2,0,3,0,0,78.2,100.0,100.0,4230,1,42,53.6,0.14,1,0,31.08,54.05,32.5,43.75,7.05,52.54,68.64,8.1,80.0,90.0,6.83,0.18,0,2,0.17,20,6,4,3,30.0,50.0,65.0,0,2,3,0,1,0,9,1,1,2,1,0,30.0,50.0,65.0,4152,3,45,52.0,0.17,0,0,28.77,43.84,34.62,51.92,5.38,34.86,51.38,5.51,37.29,49.15,6.77,0.08,0,5,0.16,18,0,4,2,0.0,22.22222222222222,33.33333333333333,0,0,0,0,0,0,11,4,3,0,0,0,0.0,22.2,33.3,13.6,4,0.0007746712579495933,0.02248503151146179,0.3057964285558803
20250813,05,9R,曇,30.0,1.0,南東,27.0,0.02,4-6-5,4,6,5,4465,3,39,52.0,0.18,0,0,45.95,56.76,38.03,50.7,3.77,14.77,25.0,3.58,8.89,22.22,6.81,0.14,0,4,0.2,22,0,1,4,0.0,4.545454545454546,22.727272727272727,0,0,0,0,0,0,12,1,3,4,1,1,0.0,4.5,22.7,4281,3,41,53.8,0.16,0,0,30.77,49.23,40.0,55.38,5.11,26.32,47.37,5.11,29.73,56.76,6.82,0.05,0,6,0.14,9,0,0,1,0.0,0.0,11.11111111111111,0,0,0,0,0,0,6,1,0,1,1,0,0.0,0.0,11.1,4152,3,45,52.0,0.17,0,0,28.77,43.84,34.62,51.92,5.38,34.86,51.38,5.51,37.29,49.15,6.77,0.08,0,5,0.16,18,0,4,2,0.0,22.22222222222222,33.33333333333333,0,0,0,0,0,0,11,4,3,0,0,0,0.0,22.2,33.3,952.7,96,1.0956810764016917e-05,0.000318024236430461,0.30298169004730025
20250813,05,9R,曇,30.0,1.0,南東,27.0,0.02,3-1-5,3,1,5,4535,1,35,52.2,0.13,0,0,28.77,42.47,40.0,53.85,7.1,60.24,74.7,5.97,39.34,59.02,6.82,0.28,0,3,0.15,14,5,3,3,35.714285714285715,57.14285714285714,78.57142857142857,0,0,5,0,0,0,6,0,2,1,0,0,35.7,57.1,78.5,4568,2,37,51.0,0.14,1,0,30.0,47.14,42.68,60.98,6.15,42.39,61.96,5.05,27.27,43.64,6.68,0.22,0,1,0.15,23,18,5,0,78.26086956521739,100.0,100.0,18,0,0,0,0,0,0,2,0,3,0,0,78.2,100.0,100.0,4152,3,45,52.0,0.17,0,0,28.77,43.84,34.62,51.92,5.38,34.86,51.38,5.51,37.29,49.15,6.77,0.08,0,5,0.16,18,0,4,2,0.0,22.22222222222222,33.33333333333333,0,0,0,0,0,0,11,4,3,0,0,0,0.0,22.2,33.3,33.6,14,0.00028540796246156764,0.008284039150434084,0.2783437154545852
20250813,05,9R,曇,30.0,1.0,南東,27.0,0.02,3-4-5,3,4,5,4535,1,35,52.2,0.13,0,0,28.77,42.47,40.0,53.85,7.1,60.24,74.7,5.97,39.34,59.02,6.82,0.28,0,3,0.15,14,5,3,3,35.714285714285715,57.14285714285714,78.57142857142857,0,0,5,0,0,0,6,0,2,1,0,0,35.7,57.1,78.5,4465,3,39,52.0,0.18,0,0,45.95,56.76,38.03,50.7,3.77,14.77,25.0,3.58,8.89,22.22,6.81,0.14,0,4,0.2,22,0,1,4,0.0,4.545454545454546,22.727272727272727,0,0,0,0,0,0,12,1,3,4,1,1,0.0,4.5,22.7,4152,3,45,52.0,0.17,0,0,28.77,43.84,34.62,51.92,5.38,34.86,51.38,5.51,37.29,49.15,6.77,0.08,0,5,0.16,18,0,4,2,0.0,22.22222222222222,33.33333333333333,0,0,0,0,0,0,11,4,3,0,0,0,0.0,22.2,33.3,170.1,44,5.531264166553161e-05,0.0016054635796396086,0.2730893548966974
20250813,05,9R,曇,30.0,1.0,南東,27.0,0.02,2-5-4,2,5,4,4230,1,42,53.6,0.14,1,0,31.08,54.05,32.5,43.75,7.05,52.54,68.64,8.1,80.0,90.0,6.83,0.18,0,2,0.17,20,6,4,3,30.0,50.0,65.0,0,2,3,0,1,0,9,1,1,2,1,0,30.0,50.0,65.0,4152,3,45,52.0,0.17,0,0,28.77,43.84,34.62,51.92,5.38,34.86,51.38,5.51,37.29,49.15,6.77,0.08,0,5,0.16,18,0,4,2,0.0,22.22222222222222,33.33333333333333,0,0,0,0,0,0,11,4,3,0,0,0,0.0,22.2,33.3,4465,3,39,52.0,0.18,0,0,45.95,56.76,38.03,50.7,3.77,14.77,25.0,3.58,8.89,22.22,6.81,0.14,0,4,0.2,22,0,1,4,0.0,4.545454545454546,22.727272727272727,0,0,0,0,0,0,12,1,3,4,1,1,0.0,4.5,22.7,285.0,51,3.135795060843309e-05,0.0009101725413586457,0.25939917428721404
20250813,05,9R,曇,30.0,1.0,南東,27.0,0.02,2-3-5,2,3,5,4230,1,42,53.6,0.14,1,0,31.08,54.05,32.5,43.75,7.05,52.54,68.64,8.1,80.0,90.0,6.83,0.18,0,2,0.17,20,6,4,3,30.0,50.0,65.0,0,2,3,0,1,0,9,1,1,2,1,0,30.0,50.0,65.0,4535,1,35,52.2,0.13,0,0,28.77,42.47,40.0,53.85,7.1,60.24,74.7,5.97,39.34,59.02,6.82,0.28,0,3,0.15,14,5,3,3,35.714285714285715,57.14285714285714,78.57142857142857,0,0,5,0,0,0,6,0,2,1,0,0,35.7,57.1,78.5,4152,3,45,52.0,0.17,0,0,28.77,43.84,34.62,51.92,5.38,34.86,51.38,5.51,37.29,49.15,6.77,0.08,0,5,0.16,18,0,4,2,0.0,22.22222222222222,33.33333333333333,0,0,0,0,0,0,11,4,3,0,0,0,0.0,22.2,33.3,40.9,16,0.00019056701485153772,0.0055312563748955365,0.22622838573322743
20250813,05,9R,曇,30.0,1.0,南東,27.0,0.02,4-2-6,4,2,6,4465,3,39,52.0,0.18,0,0,45.95,56.76,38.03,50.7,3.77,14.77,25.0,3.58,8.89,22.22,6.81,0.14,0,4,0.2,22,0,1,4,0.0,4.545454545454546,22.727272727272727,0,0,0,0,0,0,12,1,3,4,1,1,0.0,4.5,22.7,4230,1,42,53.6,0.14,1,0,31.08,54.05,32.5,43.75,7.05,52.54,68.64,8.1,80.0,90.0,6.83,0.18,0,2,0.17,20,6,4,3,30.0,50.0,65.0,0,2,3,0,1,0,9,1,1,2,1,0,30.0,50.0,65.0,4281,3,41,53.8,0.16,0,0,30.77,49.23,40.0,55.38,5.11,26.32,47.37,5.11,29.73,56.76,6.82,0.05,0,6,0.14,9,0,0,1,0.0,0.0,11.11111111111111,0,0,0,0,0,0,6,1,0,1,1,0,0.0,0.0,11.1,874.1,94,8.110335615093004e-06,0.00023540456677916788,0.20576713182167064
20250813,05,9R,曇,30.0,1.0,南東,27.0,0.02,4-3-5,4,3,5,4465,3,39,52.0,0.18,0,0,45.95,56.76,38.03,50.7,3.77,14.77,25.0,3.58,8.89,22.22,6.81,0.14,0,4,0.2,22,0,1,4,0.0,4.545454545454546,22.727272727272727,0,0,0,0,0,0,12,1,3,4,1,1,0.0,4.5,22.7,4535,1,35,52.2,0.13,0,0,28.77,42.47,40.0,53.85,7.1,60.24,74.7,5.97,39.34,59.02,6.82,0.28,0,3,0.15,14,5,3,3,35.714285714285715,57.14285714285714,78.57142857142857,0,0,5,0,0,0,6,0,2,1,0,0,35.7,57.1,78.5,4152,3,45,52.0,0.17,0,0,28.77,43.84,34.62,51.92,5.38,34.86,51.38,5.51,37.29,49.15,6.77,0.08,0,5,0.16,18,0,4,2,0.0,22.22222222222222,33.33333333333333,0,0,0,0,0,0,11,4,3,0,0,0,0.0,22.2,33.3,440.4,67,1.392247082764562e-05,0.0004041032787321881,0.17796708395365562
20250813,05,9R,曇,30.0,1.0,南東,27.0,0.02,3-5-2,3,5,2,4535,1,35,52.2,0.13,0,0,28.77,42.47,40.0,53.85,7.1,60.24,74.7,5.97,39.34,59.02,6.82,0.28,0,3,0.15,14,5,3,3,35.714285714285715,57.14285714285714,78.57142857142857,0,0,5,0,0,0,6,0,2,1,0,0,35.7,57.1,78.5,4152,3,45,52.0,0.17,0,0,28.77,43.84,34.62,51.92,5.38,34.86,51.38,5.51,37.29,49.15,6.77,0.08,0,5,0.16,18,0,4,2,0.0,22.22222222222222,33.33333333333333,0,0,0,0,0,0,11,4,3,0,0,0,0.0,22.2,33.3,4230,1,42,53.6,0.14,1,0,31.08,54.05,32.5,43.75,7.05,52.54,68.64,8.1,80.0,90.0,6.83,0.18,0,2,0.17,20,6,4,3,30.0,50.0,65.0,0,2,3,0,1,0,9,1,1,2,1,0,30.0,50.0,65.0,73.2,21,8.28044604059448e-05,0.0024034206541304354,0.17593039188234788
20250813,05,9R,曇,30.0,1.0,南東,27.0,0.02,5-2-6,5,2,6,4152,3,45,52.0,0.17,0,0,28.77,43.84,34.62,51.92,5.38,34.86,51.38,5.51,37.29,49.15,6.77,0.08,0,5,0.16,18,0,4,2,0.0,22.22222222222222,33.33333333333333,0,0,0,0,0,0,11,4,3,0,0,0,0.0,22.2,33.3,4230,1,42,53.6,0.14,1,0,31.08,54.05,32.5,43.75,7.05,52.54,68.64,8.1,80.0,90.0,6.83,0.18,0,2,0.17,20,6,4,3,30.0,50.0,65.0,0,2,3,0,1,0,9,1,1,2,1,0,30.0,50.0,65.0,4281,3,41,53.8,0.16,0,0,30.77,49.23,40.0,55.38,5.11,26.32,47.37,5.11,29.73,56.76,6.82,0.05,0,6,0.14,9,0,0,1,0.0,0.0,11.11111111111111,0,0,0,0,0,0,6,1,0,1,1,0,0.0,0.0,11.1,371.0,60,1.5766391629010777e-05,0.00045762355187756556,0.16977833774657683
20250813,05,9R,曇,30.0,1.0,南東,27.0,0.02,1-2-3,1,2,3,4568,2,37,51.0,0.14,1,0,30.0,47.14,42.68,60.98,6.15,42.39,61.96,5.05,27.27,43.64,6.68,0.22,0,1,0.15,23,18,5,0,78.26086956521739,100.0,100.0,18,0,0,0,0,0,0,2,0,3,0,0,78.2,100.0,100.0,4230,1,42,53.6,0.14,1,0,31.08,54.05,32.5,43.75,7.05,52.54,68.64,8.1,80.0,90.0,6.83,0.18,0,2,0.17,20,6,4,3,30.0,50.0,65.0,0,2,3,0,1,0,9,1,1,2,1,0,30.0,50.0,65.0,4535,1,35,52.2,0.13,0,0,28.77,42.47,40.0,53.85,7.1,60.24,74.7,5.97,39.34,59.02,6.82,0.28,0,3,0.15,14,5,3,3,35.714285714285715,57.14285714285714,78.57142857142857,0,0,5,0,0,0,6,0,2,1,0,0,35.7,57.1,78.5,6.2,1,0.000901685777796008,0.02617166045483954,0.16226429482000515
20250813,05,9R,曇,30.0,1.0,南東,27.0,0.02,6-4-1,6,4,1,4281,3,41,53.8,0.16,0,0,30.77,49.23,40.0,55.38,5.11,26.32,47.37,5.11,29.73,56.76,6.82,0.05,0,6,0.14,9,0,0,1,0.0,0.0,11.11111111111111,0,0,0,0,0,0,6,1,0,1,1,0,0.0,0.0,11.1,4465,3,39,52.0,0.18,0,0,45.95,56.76,38.03,50.7,3.77,14.77,25.0,3.58,8.89,22.22,6.81,0.14,0,4,0.2,22,0,1,4,0.0,4.545454545454546,22.727272727272727,0,0,0,0,0,0,12,1,3,4,1,1,0.0,4.5,22.7,4568,2,37,51.0,0.14,1,0,30.0,47.14,42.68,60.98,6.15,42.39,61.96,5.05,27.27,43.64,6.68,0.22,0,1,0.15,23,18,5,0,78.26086956521739,100.0,100.0,18,0,0,0,0,0,0,2,0,3,0,0,78.2,100.0,100.0,2569.0,120,2.1668955028499628e-06,6.289469650982787e-05,0.16157647533374778
20250813,05,9R,曇,30.0,1.0,南東,27.0,0.02,1-6-2,1,6,2,4568,2,37,51.0,0.14,1,0,30.0,47.14,42.68,60.98,6.15,42.39,61.96,5.05,27.27,43.64,6.68,0.22,0,1,0.15,23,18,5,0,78.26086956521739,100.0,100.0,18,0,0,0,0,0,0,2,0,3,0,0,78.2,100.0,100.0,4281,3,41,53.8,0.16,0,0,30.77,49.23,40.0,55.38,5.11,26.32,47.37,5.11,29.73,56.76,6.82,0.05,0,6,0.14,9,0,0,1,0.0,0.0,11.11111111111111,0,0,0,0,0,0,6,1,0,1,1,0,0.0,0.0,11.1,4230,1,42,53.6,0.14,1,0,31.08,54.05,32.5,43.75,7.05,52.54,68.64,8.1,80.0,90.0,6.83,0.18,0,2,0.17,20,6,4,3,30.0,50.0,65.0,0,2,3,0,1,0,9,1,1,2,1,0,30.0,50.0,65.0,322.4,57,1.6308218945195467e-05,0.00047335022839120004,0.15260811363332288
20250813,05,9R,曇,30.0,1.0,南東,27.0,0.02,4-1-3,4,1,3,4465,3,39,52.0,0.18,0,0,45.95,56.76,38.03,50.7,3.77,14.77,25.0,3.58,8.89,22.22,6.81,0.14,0,4,0.2,22,0,1,4,0.0,4.545454545454546,22.727272727272727,0,0,0,0,0,0,12,1,3,4,1,1,0.0,4.5,22.7,4568,2,37,51.0,0.14,1,0,30.0,47.14,42.68,60.98,6.15,42.39,61.96,5.05,27.27,43.64,6.68,0.22,0,1,0.15,23,18,5,0,78.26086956521739,100.0,100.0,18,0,0,0,0,0,0,2,0,3,0,0,78.2,100.0,100.0,4535,1,35,52.2,0.13,0,0,28.77,42.47,40.0,53.85,7.1,60.24,74.7,5.97,39.34,59.02,6.82,0.28,0,3,0.15,14,5,3,3,35.714285714285715,57.14285714285714,78.57142857142857,0,0,5,0,0,0,6,0,2,1,0,0,35.7,57.1,78.5,409.6,65,1.2423183103512688e-05,0.00036058606885001844,0.14769605380096756
20250813,05,9R,曇,30.0,1.0,南東,27.0,0.02,4-3-6,4,3,6,4465,3,39,52.0,0.18,0,0,45.95,56.76,38.03,50.7,3.77,14.77,25.0,3.58,8.89,22.22,6.81,0.14,0,4,0.2,22,0,1,4,0.0,4.545454545454546,22.727272727272727,0,0,0,0,0,0,12,1,3,4,1,1,0.0,4.5,22.7,4535,1,35,52.2,0.13,0,0,28.77,42.47,40.0,53.85,7.1,60.24,74.7,5.97,39.34,59.02,6.82,0.28,0,3,0.15,14,5,3,3,35.714285714285715,57.14285714285714,78.57142857142857,0,0,5,0,0,0,6,0,2,1,0,0,35.7,57.1,78.5,4281,3,41,53.8,0.16,0,0,30.77,49.23,40.0,55.38,5.11,26.32,47.37,5.11,29.73,56.76,6.82,0.05,0,6,0.14,9,0,0,1,0.0,0.0,11.11111111111111,0,0,0,0,0,0,6,1,0,1,1,0,0.0,0.0,11.1,902.0,95,5.444203902970004e-06,0.00015801941153349082,0.14253350920320873
20250813,05,9R,曇,30.0,1.0,南東,27.0,0.02,1-5-2,1,5,2,4568,2,37,51.0,0.14,1,0,30.0,47.14,42.68,60.98,6.15,42.39,61.96,5.05,27.27,43.64,6.68,0.22,0,1,0.15,23,18,5,0,78.26086956521739,100.0,100.0,18,0,0,0,0,0,0,2,0,3,0,0,78.2,100.0,100.0,4152,3,45,52.0,0.17,0,0,28.77,43.84,34.62,51.92,5.38,34.86,51.38,5.51,37.29,49.15,6.77,0.08,0,5,0.16,18,0,4,2,0.0,22.22222222222222,33.33333333333333,0,0,0,0,0,0,11,4,3,0,0,0,0.0,22.2,33.3,4230,1,42,53.6,0.14,1,0,31.08,54.05,32.5,43.75,7.05,52.54,68.64,8.1,80.0,90.0,6.83,0.18,0,2,0.17,20,6,4,3,30.0,50.0,65.0,0,2,3,0,1,0,9,1,1,2,1,0,30.0,50.0,65.0,28.5,10,0.0001683117410332657,0.004885291356876735,0.13923080367098695
20250813,05,9R,曇,30.0,1.0,南東,27.0,0.02,3-1-6,3,1,6,4535,1,35,52.2,0.13,0,0,28.77,42.47,40.0,53.85,7.1,60.24,74.7,5.97,39.34,59.02,6.82,0.28,0,3,0.15,14,5,3,3,35.714285714285715,57.14285714285714,78.57142857142857,0,0,5,0,0,0,6,0,2,1,0,0,35.7,57.1,78.5,4568,2,37,51.0,0.14,1,0,30.0,47.14,42.68,60.98,6.15,42.39,61.96,5.05,27.27,43.64,6.68,0.22,0,1,0.15,23,18,5,0,78.26086956521739,100.0,100.0,18,0,0,0,0,0,0,2,0,3,0,0,78.2,100.0,100.0,4281,3,41,53.8,0.16,0,0,30.77,49.23,40.0,55.38,5.11,26.32,47.37,5.11,29.73,56.76,6.82,0.05,0,6,0.14,9,0,0,1,0.0,0.0,11.11111111111111,0,0,0,0,0,0,6,1,0,1,1,0,0.0,0.0,11.1,106.9,31,4.208472132740385e-05,0.0012215198066110986,0.13058046732672646
20250813,05,9R,曇,30.0,1.0,南東,27.0,0.02,2-1-5,2,1,5,4230,1,42,53.6,0.14,1,0,31.08,54.05,32.5,43.75,7.05,52.54,68.64,8.1,80.0,90.0,6.83,0.18,0,2,0.17,20,6,4,3,30.0,50.0,65.0,0,2,3,0,1,0,9,1,1,2,1,0,30.0,50.0,65.0,4568,2,37,51.0,0.14,1,0,30.0,47.14,42.68,60.98,6.15,42.39,61.96,5.05,27.27,43.64,6.68,0.22,0,1,0.15,23,18,5,0,78.26086956521739,100.0,100.0,18,0,0,0,0,0,0,2,0,3,0,0,78.2,100.0,100.0,4152,3,45,52.0,0.17,0,0,28.77,43.84,34.62,51.92,5.38,34.86,51.38,5.51,37.29,49.15,6.77,0.08,0,5,0.16,18,0,4,2,0.0,22.22222222222222,33.33333333333333,0,0,0,0,0,0,11,4,3,0,0,0,0.0,22.2,33.3,33.4,13,0.0001326120395046999,0.0038490983839449657,0.12855988602376184
20250813,05,9R,曇,30.0,1.0,南東,27.0,0.02,2-3-6,2,3,6,4230,1,42,53.6,0.14,1,0,31.08,54.05,32.5,43.75,7.05,52.54,68.64,8.1,80.0,90.0,6.83,0.18,0,2,0.17,20,6,4,3,30.0,50.0,65.0,0,2,3,0,1,0,9,1,1,2,1,0,30.0,50.0,65.0,4535,1,35,52.2,0.13,0,0,28.77,42.47,40.0,53.85,7.1,60.24,74.7,5.97,39.34,59.02,6.82,0.28,0,3,0.15,14,5,3,3,35.714285714285715,57.14285714285714,78.57142857142857,0,0,5,0,0,0,6,0,2,1,0,0,35.7,57.1,78.5,4281,3,41,53.8,0.16,0,0,30.77,49.23,40.0,55.38,5.11,26.32,47.37,5.11,29.73,56.76,6.82,0.05,0,6,0.14,9,0,0,1,0.0,0.0,11.11111111111111,0,0,0,0,0,0,6,1,0,1,1,0,0.0,0.0,11.1,128.8,36,3.168412970366251e-05,0.0009196399730715838,0.11844962853162
20250813,05,9R,曇,30.0,1.0,南東,27.0,0.02,3-5-4,3,5,4,4535,1,35,52.2,0.13,0,0,28.77,42.47,40.0,53.85,7.1,60.24,74.7,5.97,39.34,59.02,6.82,0.28,0,3,0.15,14,5,3,3,35.714285714285715,57.14285714285714,78.57142857142857,0,0,5,0,0,0,6,0,2,1,0,0,35.7,57.1,78.5,4152,3,45,52.0,0.17,0,0,28.77,43.84,34.62,51.92,5.38,34.86,51.38,5.51,37.29,49.15,6.77,0.08,0,5,0.16,18,0,4,2,0.0,22.22222222222222,33.33333333333333,0,0,0,0,0,0,11,4,3,0,0,0,0.0,22.2,33.3,4465,3,39,52.0,0.18,0,0,45.95,56.76,38.03,50.7,3.77,14.77,25.0,3.58,8.89,22.22,6.81,0.14,0,4,0.2,22,0,1,4,0.0,4.545454545454546,22.727272727272727,0,0,0,0,0,0,12,1,3,4,1,1,0.0,4.5,22.7,155.5,42,2.432388747923677e-05,0.0007060070589161798,0.10978409766146596
20250813,05,9R,曇,30.0,1.0,南東,27.0,0.02,2-1-6,2,1,6,4230,1,42,53.6,0.14,1,0,31.08,54.05,32.5,43.75,7.05,52.54,68.64,8.1,80.0,90.0,6.83,0.18,0,2,0.17,20,6,4,3,30.0,50.0,65.0,0,2,3,0,1,0,9,1,1,2,1,0,30.0,50.0,65.0,4568,2,37,51.0,0.14,1,0,30.0,47.14,42.68,60.98,6.15,42.39,61.96,5.05,27.27,43.64,6.68,0.22,0,1,0.15,23,18,5,0,78.26086956521739,100.0,100.0,18,0,0,0,0,0,0,2,0,3,0,0,78.2,100.0,100.0,4281,3,41,53.8,0.16,0,0,30.77,49.23,40.0,55.38,5.11,26.32,47.37,5.11,29.73,56.76,6.82,0.05,0,6,0.14,9,0,0,1,0.0,0.0,11.11111111111111,0,0,0,0,0,0,6,1,0,1,1,0,0.0,0.0,11.1,126.8,35,2.9223082205715696e-05,0.0008482074396263596,0.1075527033446224
20250813,05,9R,曇,30.0,1.0,南東,27.0,0.02,4-1-6,4,1,6,4465,3,39,52.0,0.18,0,0,45.95,56.76,38.03,50.7,3.77,14.77,25.0,3.58,8.89,22.22,6.81,0.14,0,4,0.2,22,0,1,4,0.0,4.545454545454546,22.727272727272727,0,0,0,0,0,0,12,1,3,4,1,1,0.0,4.5,22.7,4568,2,37,51.0,0.14,1,0,30.0,47.14,42.68,60.98,6.15,42.39,61.96,5.05,27.27,43.64,6.68,0.22,0,1,0.15,23,18,5,0,78.26086956521739,100.0,100.0,18,0,0,0,0,0,0,2,0,3,0,0,78.2,100.0,100.0,4281,3,41,53.8,0.16,0,0,30.77,49.23,40.0,55.38,5.11,26.32,47.37,5.11,29.73,56.76,6.82,0.05,0,6,0.14,9,0,0,1,0.0,0.0,11.11111111111111,0,0,0,0,0,0,6,1,0,1,1,0,0.0,0.0,11.1,865.2,93,4.227220737360231e-06,0.00012269616370823744,0.10615672084036704
20250813,05,9R,曇,30.0,1.0,南東,27.0,0.02,3-6-2,3,6,2,4535,1,35,52.2,0.13,0,0,28.77,42.47,40.0,53.85,7.1,60.24,74.7,5.97,39.34,59.02,6.82,0.28,0,3,0.15,14,5,3,3,35.714285714285715,57.14285714285714,78.57142857142857,0,0,5,0,0,0,6,0,2,1,0,0,35.7,57.1,78.5,4281,3,41,53.8,0.16,0,0,30.77,49.23,40.0,55.38,5.11,26.32,47.37,5.11,29.73,56.76,6.82,0.05,0,6,0.14,9,0,0,1,0.0,0.0,11.11111111111111,0,0,0,0,0,0,6,1,0,1,1,0,0.0,0.0,11.1,4230,1,42,53.6,0.14,1,0,31.08,54.05,32.5,43.75,7.05,52.54,68.64,8.1,80.0,90.0,6.83,0.18,0,2,0.17,20,6,4,3,30.0,50.0,65.0,0,2,3,0,1,0,9,1,1,2,1,0,30.0,50.0,65.0,454.6,71,7.98380323134781e-06,0.0002317319319595136,0.10534533626879489
20250813,05,9R,曇,30.0,1.0,南東,27.0,0.02,6-4-2,6,4,2,4281,3,41,53.8,0.16,0,0,30.77,49.23,40.0,55.38,5.11,26.32,47.37,5.11,29.73,56.76,6.82,0.05,0,6,0.14,9,0,0,1,0.0,0.0,11.11111111111111,0,0,0,0,0,0,6,1,0,1,1,0,0.0,0.0,11.1,4465,3,39,52.0,0.18,0,0,45.95,56.76,38.03,50.7,3.77,14.77,25.0,3.58,8.89,22.22,6.81,0.14,0,4,0.2,22,0,1,4,0.0,4.545454545454546,22.727272727272727,0,0,0,0,0,0,12,1,3,4,1,1,0.0,4.5,22.7,4230,1,42,53.6,0.14,1,0,31.08,54.05,32.5,43.75,7.05,52.54,68.64,8.1,80.0,90.0,6.83,0.18,0,2,0.17,20,6,4,3,30.0,50.0,65.0,0,2,3,0,1,0,9,1,1,2,1,0,30.0,50.0,65.0,2093.0,116,1.5218704989608292e-06,4.4172680700804984e-05,0.09245342070678483
20250813,05,9R,曇,30.0,1.0,南東,27.0,0.02,5-1-6,5,1,6,4152,3,45,52.0,0.17,0,0,28.77,43.84,34.62,51.92,5.38,34.86,51.38,5.51,37.29,49.15,6.77,0.08,0,5,0.16,18,0,4,2,0.0,22.22222222222222,33.33333333333333,0,0,0,0,0,0,11,4,3,0,0,0,0.0,22.2,33.3,4568,2,37,51.0,0.14,1,0,30.0,47.14,42.68,60.98,6.15,42.39,61.96,5.05,27.27,43.64,6.68,0.22,0,1,0.15,23,18,5,0,78.26086956521739,100.0,100.0,18,0,0,0,0,0,0,2,0,3,0,0,78.2,100.0,100.0,4281,3,41,53.8,0.16,0,0,30.77,49.23,40.0,55.38,5.11,26.32,47.37,5.11,29.73,56.76,6.82,0.05,0,6,0.14,9,0,0,1,0.0,0.0,11.11111111111111,0,0,0,0,0,0,6,1,0,1,1,0,0.0,0.0,11.1,304.4,53,9.668007625535175e-06,0.0002806163955128386,0.08541963079410807
20250813,05,9R,曇,30.0,1.0,南東,27.0,0.02,1-2-4,1,2,4,4568,2,37,51.0,0.14,1,0,30.0,47.14,42.68,60.98,6.15,42.39,61.96,5.05,27.27,43.64,6.68,0.22,0,1,0.15,23,18,5,0,78.26086956521739,100.0,100.0,18,0,0,0,0,0,0,2,0,3,0,0,78.2,100.0,100.0,4230,1,42,53.6,0.14,1,0,31.08,54.05,32.5,43.75,7.05,52.54,68.64,8.1,80.0,90.0,6.83,0.18,0,2,0.17,20,6,4,3,30.0,50.0,65.0,0,2,3,0,1,0,9,1,1,2,1,0,30.0,50.0,65.0,4465,3,39,52.0,0.18,0,0,45.95,56.76,38.03,50.7,3.77,14.77,25.0,3.58,8.89,22.22,6.81,0.14,0,4,0.2,22,0,1,4,0.0,4.545454545454546,22.727272727272727,0,0,0,0,0,0,12,1,3,4,1,1,0.0,4.5,22.7,29.0,11,9.326061335765064e-05,0.0027069131694330596,0.07850048191355873
20250813,05,9R,曇,30.0,1.0,南東,27.0,0.02,3-6-1,3,6,1,4535,1,35,52.2,0.13,0,0,28.77,42.47,40.0,53.85,7.1,60.24,74.7,5.97,39.34,59.02,6.82,0.28,0,3,0.15,14,5,3,3,35.714285714285715,57.14285714285714,78.57142857142857,0,0,5,0,0,0,6,0,2,1,0,0,35.7,57.1,78.5,4281,3,41,53.8,0.16,0,0,30.77,49.23,40.0,55.38,5.11,26.32,47.37,5.11,29.73,56.76,6.82,0.05,0,6,0.14,9,0,0,1,0.0,0.0,11.11111111111111,0,0,0,0,0,0,6,1,0,1,1,0,0.0,0.0,11.1,4568,2,37,51.0,0.14,1,0,30.0,47.14,42.68,60.98,6.15,42.39,61.96,5.05,27.27,43.64,6.68,0.22,0,1,0.15,23,18,5,0,78.26086956521739,100.0,100.0,18,0,0,0,0,0,0,2,0,3,0,0,78.2,100.0,100.0,597.1,85,4.2980203151535996e-06,0.0001247511395723164,0.07448890543863013
20250813,05,9R,曇,30.0,1.0,南東,27.0,0.02,6-2-1,6,2,1,4281,3,41,53.8,0.16,0,0,30.77,49.23,40.0,55.38,5.11,26.32,47.37,5.11,29.73,56.76,6.82,0.05,0,6,0.14,9,0,0,1,0.0,0.0,11.11111111111111,0,0,0,0,0,0,6,1,0,1,1,0,0.0,0.0,11.1,4230,1,42,53.6,0.14,1,0,31.08,54.05,32.5,43.75,7.05,52.54,68.64,8.1,80.0,90.0,6.83,0.18,0,2,0.17,20,6,4,3,30.0,50.0,65.0,0,2,3,0,1,0,9,1,1,2,1,0,30.0,50.0,65.0,4568,2,37,51.0,0.14,1,0,30.0,47.14,42.68,60.98,6.15,42.39,61.96,5.05,27.27,43.64,6.68,0.22,0,1,0.15,23,18,5,0,78.26086956521739,100.0,100.0,18,0,0,0,0,0,0,2,0,3,0,0,78.2,100.0,100.0,1730.0,107,1.4112962104572944e-06,4.096323367944509e-05,0.07086639426544
20250813,05,9R,曇,30.0,1.0,南東,27.0,0.02,6-2-4,6,2,4,4281,3,41,53.8,0.16,0,0,30.77,49.23,40.0,55.38,5.11,26.32,47.37,5.11,29.73,56.76,6.82,0.05,0,6,0.14,9,0,0,1,0.0,0.0,11.11111111111111,0,0,0,0,0,0,6,1,0,1,1,0,0.0,0.0,11.1,4230,1,42,53.6,0.14,1,0,31.08,54.05,32.5,43.75,7.05,52.54,68.64,8.1,80.0,90.0,6.83,0.18,0,2,0.17,20,6,4,3,30.0,50.0,65.0,0,2,3,0,1,0,9,1,1,2,1,0,30.0,50.0,65.0,4465,3,39,52.0,0.18,0,0,45.95,56.76,38.03,50.7,3.77,14.77,25.0,3.58,8.89,22.22,6.81,0.14,0,4,0.2,22,0,1,4,0.0,4.545454545454546,22.727272727272727,0,0,0,0,0,0,12,1,3,4,1,1,0.0,4.5,22.7,2231.0,117,1.0832531748378941e-06,3.1441700619678795e-05,0.07014643408250339
20250813,05,9R,曇,30.0,1.0,南東,27.0,0.02,2-6-1,2,6,1,4230,1,42,53.6,0.14,1,0,31.08,54.05,32.5,43.75,7.05,52.54,68.64,8.1,80.0,90.0,6.83,0.18,0,2,0.17,20,6,4,3,30.0,50.0,65.0,0,2,3,0,1,0,9,1,1,2,1,0,30.0,50.0,65.0,4281,3,41,53.8,0.16,0,0,30.77,49.23,40.0,55.38,5.11,26.32,47.37,5.11,29.73,56.76,6.82,0.05,0,6,0.14,9,0,0,1,0.0,0.0,11.11111111111111,0,0,0,0,0,0,6,1,0,1,1,0,0.0,0.0,11.1,4568,2,37,51.0,0.14,1,0,30.0,47.14,42.68,60.98,6.15,42.39,61.96,5.05,27.27,43.64,6.68,0.22,0,1,0.15,23,18,5,0,78.26086956521739,100.0,100.0,18,0,0,0,0,0,0,2,0,3,0,0,78.2,100.0,100.0,543.5,82,4.062735932336279e-06,0.0001179219501483988,0.06409057990565475
20250813,05,9R,曇,30.0,1.0,南東,27.0,0.02,3-2-6,3,2,6,4535,1,35,52.2,0.13,0,0,28.77,42.47,40.0,53.85,7.1,60.24,74.7,5.97,39.34,59.02,6.82,0.28,0,3,0.15,14,5,3,3,35.714285714285715,57.14285714285714,78.57142857142857,0,0,5,0,0,0,6,0,2,1,0,0,35.7,57.1,78.5,4230,1,42,53.6,0.14,1,0,31.08,54.05,32.5,43.75,7.05,52.54,68.64,8.1,80.0,90.0,6.83,0.18,0,2,0.17,20,6,4,3,30.0,50.0,65.0,0,2,3,0,1,0,9,1,1,2,1,0,30.0,50.0,65.0,4281,3,41,53.8,0.16,0,0,30.77,49.23,40.0,55.38,5.11,26.32,47.37,5.11,29.73,56.76,6.82,0.05,0,6,0.14,9,0,0,1,0.0,0.0,11.11111111111111,0,0,0,0,0,0,6,1,0,1,1,0,0.0,0.0,11.1,145.0,39,1.5011406623641012e-05,0.00043570991888522746,0.06317793823835798
20250813,05,9R,曇,30.0,1.0,南東,27.0,0.02,6-3-2,6,3,2,4281,3,41,53.8,0.16,0,0,30.77,49.23,40.0,55.38,5.11,26.32,47.37,5.11,29.73,56.76,6.82,0.05,0,6,0.14,9,0,0,1,0.0,0.0,11.11111111111111,0,0,0,0,0,0,6,1,0,1,1,0,0.0,0.0,11.1,4535,1,35,52.2,0.13,0,0,28.77,42.47,40.0,53.85,7.1,60.24,74.7,5.97,39.34,59.02,6.82,0.28,0,3,0.15,14,5,3,3,35.714285714285715,57.14285714285714,78.57142857142857,0,0,5,0,0,0,6,0,2,1,0,0,35.7,57.1,78.5,4230,1,42,53.6,0.14,1,0,31.08,54.05,32.5,43.75,7.05,52.54,68.64,8.1,80.0,90.0,6.83,0.18,0,2,0.17,20,6,4,3,30.0,50.0,65.0,0,2,3,0,1,0,9,1,1,2,1,0,30.0,50.0,65.0,1138.0,98,1.7804888318118323e-06,5.167914399594236e-05,0.058810865867382406
20250813,05,9R,曇,30.0,1.0,南東,27.0,0.02,3-5-1,3,5,1,4535,1,35,52.2,0.13,0,0,28.77,42.47,40.0,53.85,7.1,60.24,74.7,5.97,39.34,59.02,6.82,0.28,0,3,0.15,14,5,3,3,35.714285714285715,57.14285714285714,78.57142857142857,0,0,5,0,0,0,6,0,2,1,0,0,35.7,57.1,78.5,4152,3,45,52.0,0.17,0,0,28.77,43.84,34.62,51.92,5.38,34.86,51.38,5.51,37.29,49.15,6.77,0.08,0,5,0.16,18,0,4,2,0.0,22.22222222222222,33.33333333333333,0,0,0,0,0,0,11,4,3,0,0,0,0.0,22.2,33.3,4568,2,37,51.0,0.14,1,0,30.0,47.14,42.68,60.98,6.15,42.39,61.96,5.05,27.27,43.64,6.68,0.22,0,1,0.15,23,18,5,0,78.26086956521739,100.0,100.0,18,0,0,0,0,0,0,2,0,3,0,0,78.2,100.0,100.0,76.8,22,2.6094184648791775e-05,0.0007573903873069254,0.058167581745171865
20250813,05,9R,曇,30.0,1.0,南東,27.0,0.02,4-5-1,4,5,1,4465,3,39,52.0,0.18,0,0,45.95,56.76,38.03,50.7,3.77,14.77,25.0,3.58,8.89,22.22,6.81,0.14,0,4,0.2,22,0,1,4,0.0,4.545454545454546,22.727272727272727,0,0,0,0,0,0,12,1,3,4,1,1,0.0,4.5,22.7,4152,3,45,52.0,0.17,0,0,28.77,43.84,34.62,51.92,5.38,34.86,51.38,5.51,37.29,49.15,6.77,0.08,0,5,0.16,18,0,4,2,0.0,22.22222222222222,33.33333333333333,0,0,0,0,0,0,11,4,3,0,0,0,0.0,22.2,33.3,4568,2,37,51.0,0.14,1,0,30.0,47.14,42.68,60.98,6.15,42.39,61.96,5.05,27.27,43.64,6.68,0.22,0,1,0.15,23,18,5,0,78.26086956521739,100.0,100.0,18,0,0,0,0,0,0,2,0,3,0,0,78.2,100.0,100.0,429.3,66,4.524961087071131e-06,0.000131338153554618,0.056383469320997505
20250813,05,9R,曇,30.0,1.0,南東,27.0,0.02,3-4-1,3,4,1,4535,1,35,52.2,0.13,0,0,28.77,42.47,40.0,53.85,7.1,60.24,74.7,5.97,39.34,59.02,6.82,0.28,0,3,0.15,14,5,3,3,35.714285714285715,57.14285714285714,78.57142857142857,0,0,5,0,0,0,6,0,2,1,0,0,35.7,57.1,78.5,4465,3,39,52.0,0.18,0,0,45.95,56.76,38.03,50.7,3.77,14.77,25.0,3.58,8.89,22.22,6.81,0.14,0,4,0.2,22,0,1,4,0.0,4.545454545454546,22.727272727272727,0,0,0,0,0,0,12,1,3,4,1,1,0.0,4.5,22.7,4568,2,37,51.0,0.14,1,0,30.0,47.14,42.68,60.98,6.15,42.39,61.96,5.05,27.27,43.64,6.68,0.22,0,1,0.15,23,18,5,0,78.26086956521739,100.0,100.0,18,0,0,0,0,0,0,2,0,3,0,0,78.2,100.0,100.0,195.8,45,9.15661259591657e-06,0.0002657730239048429,0.052038358080568246
20250813,05,9R,曇,30.0,1.0,南東,27.0,0.02,3-4-2,3,4,2,4535,1,35,52.2,0.13,0,0,28.77,42.47,40.0,53.85,7.1,60.24,74.7,5.97,39.34,59.02,6.82,0.28,0,3,0.15,14,5,3,3,35.714285714285715,57.14285714285714,78.57142857142857,0,0,5,0,0,0,6,0,2,1,0,0,35.7,57.1,78.5,4465,3,39,52.0,0.18,0,0,45.95,56.76,38.03,50.7,3.77,14.77,25.0,3.58,8.89,22.22,6.81,0.14,0,4,0.2,22,0,1,4,0.0,4.545454545454546,22.727272727272727,0,0,0,0,0,0,12,1,3,4,1,1,0.0,4.5,22.7,4230,1,42,53.6,0.14,1,0,31.08,54.05,32.5,43.75,7.05,52.54,68.64,8.1,80.0,90.0,6.83,0.18,0,2,0.17,20,6,4,3,30.0,50.0,65.0,0,2,3,0,1,0,9,1,1,2,1,0,30.0,50.0,65.0,221.1,47,7.734220265945499e-06,0.0002244877225168545,0.049634235448476526
20250813,05,9R,曇,30.0,1.0,南東,27.0,0.02,3-1-4,3,1,4,4535,1,35,52.2,0.13,0,0,28.77,42.47,40.0,53.85,7.1,60.24,74.7,5.97,39.34,59.02,6.82,0.28,0,3,0.15,14,5,3,3,35.714285714285715,57.14285714285714,78.57142857142857,0,0,5,0,0,0,6,0,2,1,0,0,35.7,57.1,78.5,4568,2,37,51.0,0.14,1,0,30.0,47.14,42.68,60.98,6.15,42.39,61.96,5.05,27.27,43.64,6.68,0.22,0,1,0.15,23,18,5,0,78.26086956521739,100.0,100.0,18,0,0,0,0,0,0,2,0,3,0,0,78.2,100.0,100.0,4465,3,39,52.0,0.18,0,0,45.95,56.76,38.03,50.7,3.77,14.77,25.0,3.58,8.89,22.22,6.81,0.14,0,4,0.2,22,0,1,4,0.0,4.545454545454546,22.727272727272727,0,0,0,0,0,0,12,1,3,4,1,1,0.0,4.5,22.7,73.2,20,2.0478201779230825e-05,0.0005943850473074335,0.04350898546290413
20250813,05,9R,曇,30.0,1.0,南東,27.0,0.02,1-4-5,1,4,5,4568,2,37,51.0,0.14,1,0,30.0,47.14,42.68,60.98,6.15,42.39,61.96,5.05,27.27,43.64,6.68,0.22,0,1,0.15,23,18,5,0,78.26086956521739,100.0,100.0,18,0,0,0,0,0,0,2,0,3,0,0,78.2,100.0,100.0,4465,3,39,52.0,0.18,0,0,45.95,56.76,38.03,50.7,3.77,14.77,25.0,3.58,8.89,22.22,6.81,0.14,0,4,0.2,22,0,1,4,0.0,4.545454545454546,22.727272727272727,0,0,0,0,0,0,12,1,3,4,1,1,0.0,4.5,22.7,4152,3,45,52.0,0.17,0,0,28.77,43.84,34.62,51.92,5.38,34.86,51.38,5.51,37.29,49.15,6.77,0.08,0,5,0.16,18,0,4,2,0.0,22.22222222222222,33.33333333333333,0,0,0,0,0,0,11,4,3,0,0,0,0.0,22.2,33.3,101.2,28,1.4521587630185919e-05,0.0004214927972484945,0.042655071081547646
20250813,05,9R,曇,30.0,1.0,南東,27.0,0.02,6-3-1,6,3,1,4281,3,41,53.8,0.16,0,0,30.77,49.23,40.0,55.38,5.11,26.32,47.37,5.11,29.73,56.76,6.82,0.05,0,6,0.14,9,0,0,1,0.0,0.0,11.11111111111111,0,0,0,0,0,0,6,1,0,1,1,0,0.0,0.0,11.1,4535,1,35,52.2,0.13,0,0,28.77,42.47,40.0,53.85,7.1,60.24,74.7,5.97,39.34,59.02,6.82,0.28,0,3,0.15,14,5,3,3,35.714285714285715,57.14285714285714,78.57142857142857,0,0,5,0,0,0,6,0,2,1,0,0,35.7,57.1,78.5,4568,2,37,51.0,0.14,1,0,30.0,47.14,42.68,60.98,6.15,42.39,61.96,5.05,27.27,43.64,6.68,0.22,0,1,0.15,23,18,5,0,78.26086956521739,100.0,100.0,18,0,0,0,0,0,0,2,0,3,0,0,78.2,100.0,100.0,1804.0,111,7.904612278754653e-07,2.2943339429439776e-05,0.041389784330709355
20250813,05,9R,曇,30.0,1.0,南東,27.0,0.02,5-6-1,5,6,1,4152,3,45,52.0,0.17,0,0,28.77,43.84,34.62,51.92,5.38,34.86,51.38,5.51,37.29,49.15,6.77,0.08,0,5,0.16,18,0,4,2,0.0,22.22222222222222,33.33333333333333,0,0,0,0,0,0,11,4,3,0,0,0,0.0,22.2,33.3,4281,3,41,53.8,0.16,0,0,30.77,49.23,40.0,55.38,5.11,26.32,47.37,5.11,29.73,56.76,6.82,0.05,0,6,0.14,9,0,0,1,0.0,0.0,11.11111111111111,0,0,0,0,0,0,6,1,0,1,1,0,0.0,0.0,11.1,4568,2,37,51.0,0.14,1,0,30.0,47.14,42.68,60.98,6.15,42.39,61.96,5.05,27.27,43.64,6.68,0.22,0,1,0.15,23,18,5,0,78.26086956521739,100.0,100.0,18,0,0,0,0,0,0,2,0,3,0,0,78.2,100.0,100.0,659.8,88,1.965826231568489e-06,5.705860945437554e-05,0.037647270517996975
20250813,05,9R,曇,30.0,1.0,南東,27.0,0.02,5-4-1,5,4,1,4152,3,45,52.0,0.17,0,0,28.77,43.84,34.62,51.92,5.38,34.86,51.38,5.51,37.29,49.15,6.77,0.08,0,5,0.16,18,0,4,2,0.0,22.22222222222222,33.33333333333333,0,0,0,0,0,0,11,4,3,0,0,0,0.0,22.2,33.3,4465,3,39,52.0,0.18,0,0,45.95,56.76,38.03,50.7,3.77,14.77,25.0,3.58,8.89,22.22,6.81,0.14,0,4,0.2,22,0,1,4,0.0,4.545454545454546,22.727272727272727,0,0,0,0,0,0,12,1,3,4,1,1,0.0,4.5,22.7,4568,2,37,51.0,0.14,1,0,30.0,47.14,42.68,60.98,6.15,42.39,61.96,5.05,27.27,43.64,6.68,0.22,0,1,0.15,23,18,5,0,78.26086956521739,100.0,100.0,18,0,0,0,0,0,0,2,0,3,0,0,78.2,100.0,100.0,510.8,78,2.4970971633847636e-06,7.247888421018671e-05,0.03702221405456337
20250813,05,9R,曇,30.0,1.0,南東,27.0,0.02,5-1-2,5,1,2,4152,3,45,52.0,0.17,0,0,28.77,43.84,34.62,51.92,5.38,34.86,51.38,5.51,37.29,49.15,6.77,0.08,0,5,0.16,18,0,4,2,0.0,22.22222222222222,33.33333333333333,0,0,0,0,0,0,11,4,3,0,0,0,0.0,22.2,33.3,4568,2,37,51.0,0.14,1,0,30.0,47.14,42.68,60.98,6.15,42.39,61.96,5.05,27.27,43.64,6.68,0.22,0,1,0.15,23,18,5,0,78.26086956521739,100.0,100.0,18,0,0,0,0,0,0,2,0,3,0,0,78.2,100.0,100.0,4230,1,42,53.6,0.14,1,0,31.08,54.05,32.5,43.75,7.05,52.54,68.64,8.1,80.0,90.0,6.83,0.18,0,2,0.17,20,6,4,3,30.0,50.0,65.0,0,2,3,0,1,0,9,1,1,2,1,0,30.0,50.0,65.0,116.6,32,1.07800025609097e-05,0.0003128923330875215,0.036483246038005006
20250813,05,9R,曇,30.0,1.0,南東,27.0,0.02,4-5-2,4,5,2,4465,3,39,52.0,0.18,0,0,45.95,56.76,38.03,50.7,3.77,14.77,25.0,3.58,8.89,22.22,6.81,0.14,0,4,0.2,22,0,1,4,0.0,4.545454545454546,22.727272727272727,0,0,0,0,0,0,12,1,3,4,1,1,0.0,4.5,22.7,4152,3,45,52.0,0.17,0,0,28.77,43.84,34.62,51.92,5.38,34.86,51.38,5.51,37.29,49.15,6.77,0.08,0,5,0.16,18,0,4,2,0.0,22.22222222222222,33.33333333333333,0,0,0,0,0,0,11,4,3,0,0,0,0.0,22.2,33.3,4230,1,42,53.6,0.14,1,0,31.08,54.05,32.5,43.75,7.05,52.54,68.64,8.1,80.0,90.0,6.83,0.18,0,2,0.17,20,6,4,3,30.0,50.0,65.0,0,2,3,0,1,0,9,1,1,2,1,0,30.0,50.0,65.0,533.3,80,2.3067869354708633e-06,6.695508114187157e-05,0.0357071447729601
20250813,05,9R,曇,30.0,1.0,南東,27.0,0.02,6-3-4,6,3,4,4281,3,41,53.8,0.16,0,0,30.77,49.23,40.0,55.38,5.11,26.32,47.37,5.11,29.73,56.76,6.82,0.05,0,6,0.14,9,0,0,1,0.0,0.0,11.11111111111111,0,0,0,0,0,0,6,1,0,1,1,0,0.0,0.0,11.1,4535,1,35,52.2,0.13,0,0,28.77,42.47,40.0,53.85,7.1,60.24,74.7,5.97,39.34,59.02,6.82,0.28,0,3,0.15,14,5,3,3,35.714285714285715,57.14285714285714,78.57142857142857,0,0,5,0,0,0,6,0,2,1,0,0,35.7,57.1,78.5,4465,3,39,52.0,0.18,0,0,45.95,56.76,38.03,50.7,3.77,14.77,25.0,3.58,8.89,22.22,6.81,0.14,0,4,0.2,22,0,1,4,0.0,4.545454545454546,22.727272727272727,0,0,0,0,0,0,12,1,3,4,1,1,0.0,4.5,22.7,2323.0,118,5.225914417096265e-07,1.5168350334259832e-05,0.035236077826485586
20250813,05,9R,曇,30.0,1.0,南東,27.0,0.02,4-6-1,4,6,1,4465,3,39,52.0,0.18,0,0,45.95,56.76,38.03,50.7,3.77,14.77,25.0,3.58,8.89,22.22,6.81,0.14,0,4,0.2,22,0,1,4,0.0,4.545454545454546,22.727272727272727,0,0,0,0,0,0,12,1,3,4,1,1,0.0,4.5,22.7,4281,3,41,53.8,0.16,0,0,30.77,49.23,40.0,55.38,5.11,26.32,47.37,5.11,29.73,56.76,6.82,0.05,0,6,0.14,9,0,0,1,0.0,0.0,11.11111111111111,0,0,0,0,0,0,6,1,0,1,1,0,0.0,0.0,11.1,4568,2,37,51.0,0.14,1,0,30.0,47.14,42.68,60.98,6.15,42.39,61.96,5.05,27.27,43.64,6.68,0.22,0,1,0.15,23,18,5,0,78.26086956521739,100.0,100.0,18,0,0,0,0,0,0,2,0,3,0,0,78.2,100.0,100.0,1367.0,102,8.75247476505565e-07,2.540428199394431e-05,0.03472765348572188
20250813,05,9R,曇,30.0,1.0,南東,27.0,0.02,3-1-2,3,1,2,4535,1,35,52.2,0.13,0,0,28.77,42.47,40.0,53.85,7.1,60.24,74.7,5.97,39.34,59.02,6.82,0.28,0,3,0.15,14,5,3,3,35.714285714285715,57.14285714285714,78.57142857142857,0,0,5,0,0,0,6,0,2,1,0,0,35.7,57.1,78.5,4568,2,37,51.0,0.14,1,0,30.0,47.14,42.68,60.98,6.15,42.39,61.96,5.05,27.27,43.64,6.68,0.22,0,1,0.15,23,18,5,0,78.26086956521739,100.0,100.0,18,0,0,0,0,0,0,2,0,3,0,0,78.2,100.0,100.0,4230,1,42,53.6,0.14,1,0,31.08,54.05,32.5,43.75,7.05,52.54,68.64,8.1,80.0,90.0,6.83,0.18,0,2,0.17,20,6,4,3,30.0,50.0,65.0,0,2,3,0,1,0,9,1,1,2,1,0,30.0,50.0,65.0,24.0,7,4.556783807375116e-05,0.0013226181615533126,0.0317428358772795
20250813,05,9R,曇,30.0,1.0,南東,27.0,0.02,5-2-1,5,2,1,4152,3,45,52.0,0.17,0,0,28.77,43.84,34.62,51.92,5.38,34.86,51.38,5.51,37.29,49.15,6.77,0.08,0,5,0.16,18,0,4,2,0.0,22.22222222222222,33.33333333333333,0,0,0,0,0,0,11,4,3,0,0,0,0.0,22.2,33.3,4230,1,42,53.6,0.14,1,0,31.08,54.05,32.5,43.75,7.05,52.54,68.64,8.1,80.0,90.0,6.83,0.18,0,2,0.17,20,6,4,3,30.0,50.0,65.0,0,2,3,0,1,0,9,1,1,2,1,0,30.0,50.0,65.0,4568,2,37,51.0,0.14,1,0,30.0,47.14,42.68,60.98,6.15,42.39,61.96,5.05,27.27,43.64,6.68,0.22,0,1,0.15,23,18,5,0,78.26086956521739,100.0,100.0,18,0,0,0,0,0,0,2,0,3,0,0,78.2,100.0,100.0,158.7,43,6.845319290660627e-06,0.00019868714422671484,0.03153164978877964
20250813,05,9R,曇,30.0,1.0,南東,27.0,0.02,6-1-4,6,1,4,4281,3,41,53.8,0.16,0,0,30.77,49.23,40.0,55.38,5.11,26.32,47.37,5.11,29.73,56.76,6.82,0.05,0,6,0.14,9,0,0,1,0.0,0.0,11.11111111111111,0,0,0,0,0,0,6,1,0,1,1,0,0.0,0.0,11.1,4568,2,37,51.0,0.14,1,0,30.0,47.14,42.68,60.98,6.15,42.39,61.96,5.05,27.27,43.64,6.68,0.22,0,1,0.15,23,18,5,0,78.26086956521739,100.0,100.0,18,0,0,0,0,0,0,2,0,3,0,0,78.2,100.0,100.0,4465,3,39,52.0,0.18,0,0,45.95,56.76,38.03,50.7,3.77,14.77,25.0,3.58,8.89,22.22,6.81,0.14,0,4,0.2,22,0,1,4,0.0,4.545454545454546,22.727272727272727,0,0,0,0,0,0,12,1,3,4,1,1,0.0,4.5,22.7,2531.0,119,3.744210643693588e-07,1.086766721303593e-05,0.02750606571619394
20250813,05,9R,曇,30.0,1.0,南東,27.0,0.02,5-2-4,5,2,4,4152,3,45,52.0,0.17,0,0,28.77,43.84,34.62,51.92,5.38,34.86,51.38,5.51,37.29,49.15,6.77,0.08,0,5,0.16,18,0,4,2,0.0,22.22222222222222,33.33333333333333,0,0,0,0,0,0,11,4,3,0,0,0,0.0,22.2,33.3,4230,1,42,53.6,0.14,1,0,31.08,54.05,32.5,43.75,7.05,52.54,68.64,8.1,80.0,90.0,6.83,0.18,0,2,0.17,20,6,4,3,30.0,50.0,65.0,0,2,3,0,1,0,9,1,1,2,1,0,30.0,50.0,65.0,4465,3,39,52.0,0.18,0,0,45.95,56.76,38.03,50.7,3.77,14.77,25.0,3.58,8.89,22.22,6.81,0.14,0,4,0.2,22,0,1,4,0.0,4.545454545454546,22.727272727272727,0,0,0,0,0,0,12,1,3,4,1,1,0.0,4.5,22.7,381.1,61,2.4760429671964276e-06,7.186778077774978e-05,0.027388811254400444
20250813,05,9R,曇,30.0,1.0,南東,27.0,0.02,2-1-3,2,1,3,4230,1,42,53.6,0.14,1,0,31.08,54.05,32.5,43.75,7.05,52.54,68.64,8.1,80.0,90.0,6.83,0.18,0,2,0.17,20,6,4,3,30.0,50.0,65.0,0,2,3,0,1,0,9,1,1,2,1,0,30.0,50.0,65.0,4568,2,37,51.0,0.14,1,0,30.0,47.14,42.68,60.98,6.15,42.39,61.96,5.05,27.27,43.64,6.68,0.22,0,1,0.15,23,18,5,0,78.26086956521739,100.0,100.0,18,0,0,0,0,0,0,2,0,3,0,0,78.2,100.0,100.0,4535,1,35,52.2,0.13,0,0,28.77,42.47,40.0,53.85,7.1,60.24,74.7,5.97,39.34,59.02,6.82,0.28,0,3,0.15,14,5,3,3,35.714285714285715,57.14285714285714,78.57142857142857,0,0,5,0,0,0,6,0,2,1,0,0,35.7,57.1,78.5,17.7,5,5.2202181727998595e-05,0.0015151816839414462,0.026818715805763598
20250813,05,9R,曇,30.0,1.0,南東,27.0,0.02,2-5-1,2,5,1,4230,1,42,53.6,0.14,1,0,31.08,54.05,32.5,43.75,7.05,52.54,68.64,8.1,80.0,90.0,6.83,0.18,0,2,0.17,20,6,4,3,30.0,50.0,65.0,0,2,3,0,1,0,9,1,1,2,1,0,30.0,50.0,65.0,4152,3,45,52.0,0.17,0,0,28.77,43.84,34.62,51.92,5.38,34.86,51.38,5.51,37.29,49.15,6.77,0.08,0,5,0.16,18,0,4,2,0.0,22.22222222222222,33.33333333333333,0,0,0,0,0,0,11,4,3,0,0,0,0.0,22.2,33.3,4568,2,37,51.0,0.14,1,0,30.0,47.14,42.68,60.98,6.15,42.39,61.96,5.05,27.27,43.64,6.68,0.22,0,1,0.15,23,18,5,0,78.26086956521739,100.0,100.0,18,0,0,0,0,0,0,2,0,3,0,0,78.2,100.0,100.0,91.3,27,9.834488508127766e-06,0.00028544854573493185,0.026061452225599278
20250813,05,9R,曇,30.0,1.0,南東,27.0,0.02,3-2-5,3,2,5,4535,1,35,52.2,0.13,0,0,28.77,42.47,40.0,53.85,7.1,60.24,74.7,5.97,39.34,59.02,6.82,0.28,0,3,0.15,14,5,3,3,35.714285714285715,57.14285714285714,78.57142857142857,0,0,5,0,0,0,6,0,2,1,0,0,35.7,57.1,78.5,4230,1,42,53.6,0.14,1,0,31.08,54.05,32.5,43.75,7.05,52.54,68.64,8.1,80.0,90.0,6.83,0.18,0,2,0.17,20,6,4,3,30.0,50.0,65.0,0,2,3,0,1,0,9,1,1,2,1,0,30.0,50.0,65.0,4152,3,45,52.0,0.17,0,0,28.77,43.84,34.62,51.92,5.38,34.86,51.38,5.51,37.29,49.15,6.77,0.08,0,5,0.16,18,0,4,2,0.0,22.22222222222222,33.33333333333333,0,0,0,0,0,0,11,4,3,0,0,0,0.0,22.2,33.3,48.9,17,1.8319728408580762e-05,0.000531734805340052,0.026001831981128543
20250813,05,9R,曇,30.0,1.0,南東,27.0,0.02,2-4-1,2,4,1,4230,1,42,53.6,0.14,1,0,31.08,54.05,32.5,43.75,7.05,52.54,68.64,8.1,80.0,90.0,6.83,0.18,0,2,0.17,20,6,4,3,30.0,50.0,65.0,0,2,3,0,1,0,9,1,1,2,1,0,30.0,50.0,65.0,4465,3,39,52.0,0.18,0,0,45.95,56.76,38.03,50.7,3.77,14.77,25.0,3.58,8.89,22.22,6.81,0.14,0,4,0.2,22,0,1,4,0.0,4.545454545454546,22.727272727272727,0,0,0,0,0,0,12,1,3,4,1,1,0.0,4.5,22.7,4568,2,37,51.0,0.14,1,0,30.0,47.14,42.68,60.98,6.15,42.39,61.96,5.05,27.27,43.64,6.68,0.22,0,1,0.15,23,18,5,0,78.26086956521739,100.0,100.0,18,0,0,0,0,0,0,2,0,3,0,0,78.2,100.0,100.0,272.6,50,3.141278751893693e-06,9.11764196719571e-05,0.024854692002575507
20250813,05,9R,曇,30.0,1.0,南東,27.0,0.02,5-3-1,5,3,1,4152,3,45,52.0,0.17,0,0,28.77,43.84,34.62,51.92,5.38,34.86,51.38,5.51,37.29,49.15,6.77,0.08,0,5,0.16,18,0,4,2,0.0,22.22222222222222,33.33333333333333,0,0,0,0,0,0,11,4,3,0,0,0,0.0,22.2,33.3,4535,1,35,52.2,0.13,0,0,28.77,42.47,40.0,53.85,7.1,60.24,74.7,5.97,39.34,59.02,6.82,0.28,0,3,0.15,14,5,3,3,35.714285714285715,57.14285714285714,78.57142857142857,0,0,5,0,0,0,6,0,2,1,0,0,35.7,57.1,78.5,4568,2,37,51.0,0.14,1,0,30.0,47.14,42.68,60.98,6.15,42.39,61.96,5.05,27.27,43.64,6.68,0.22,0,1,0.15,23,18,5,0,78.26086956521739,100.0,100.0,18,0,0,0,0,0,0,2,0,3,0,0,78.2,100.0,100.0,151.8,40,5.550039424446317e-06,0.0001610913146291672,0.024453661560707583
20250813,05,9R,曇,30.0,1.0,南東,27.0,0.02,5-6-2,5,6,2,4152,3,45,52.0,0.17,0,0,28.77,43.84,34.62,51.92,5.38,34.86,51.38,5.51,37.29,49.15,6.77,0.08,0,5,0.16,18,0,4,2,0.0,22.22222222222222,33.33333333333333,0,0,0,0,0,0,11,4,3,0,0,0,0.0,22.2,33.3,4281,3,41,53.8,0.16,0,0,30.77,49.23,40.0,55.38,5.11,26.32,47.37,5.11,29.73,56.76,6.82,0.05,0,6,0.14,9,0,0,1,0.0,0.0,11.11111111111111,0,0,0,0,0,0,6,1,0,1,1,0,0.0,0.0,11.1,4230,1,42,53.6,0.14,1,0,31.08,54.05,32.5,43.75,7.05,52.54,68.64,8.1,80.0,90.0,6.83,0.18,0,2,0.17,20,6,4,3,30.0,50.0,65.0,0,2,3,0,1,0,9,1,1,2,1,0,30.0,50.0,65.0,572.9,83,1.3885296576947276e-06,4.030242865922452e-05,0.023089261378869727
20250813,05,9R,曇,30.0,1.0,南東,27.0,0.02,3-2-4,3,2,4,4535,1,35,52.2,0.13,0,0,28.77,42.47,40.0,53.85,7.1,60.24,74.7,5.97,39.34,59.02,6.82,0.28,0,3,0.15,14,5,3,3,35.714285714285715,57.14285714285714,78.57142857142857,0,0,5,0,0,0,6,0,2,1,0,0,35.7,57.1,78.5,4230,1,42,53.6,0.14,1,0,31.08,54.05,32.5,43.75,7.05,52.54,68.64,8.1,80.0,90.0,6.83,0.18,0,2,0.17,20,6,4,3,30.0,50.0,65.0,0,2,3,0,1,0,9,1,1,2,1,0,30.0,50.0,65.0,4465,3,39,52.0,0.18,0,0,45.95,56.76,38.03,50.7,3.77,14.77,25.0,3.58,8.89,22.22,6.81,0.14,0,4,0.2,22,0,1,4,0.0,4.545454545454546,22.727272727272727,0,0,0,0,0,0,12,1,3,4,1,1,0.0,4.5,22.7,126.0,33,5.899876935986059e-06,0.0001712454379300401,0.021576925179185052
20250813,05,9R,曇,30.0,1.0,南東,27.0,0.02,2-1-4,2,1,4,4230,1,42,53.6,0.14,1,0,31.08,54.05,32.5,43.75,7.05,52.54,68.64,8.1,80.0,90.0,6.83,0.18,0,2,0.17,20,6,4,3,30.0,50.0,65.0,0,2,3,0,1,0,9,1,1,2,1,0,30.0,50.0,65.0,4568,2,37,51.0,0.14,1,0,30.0,47.14,42.68,60.98,6.15,42.39,61.96,5.05,27.27,43.64,6.68,0.22,0,1,0.15,23,18,5,0,78.26086956521739,100.0,100.0,18,0,0,0,0,0,0,2,0,3,0,0,78.2,100.0,100.0,4465,3,39,52.0,0.18,0,0,45.95,56.76,38.03,50.7,3.77,14.77,25.0,3.58,8.89,22.22,6.81,0.14,0,4,0.2,22,0,1,4,0.0,4.545454545454546,22.727272727272727,0,0,0,0,0,0,12,1,3,4,1,1,0.0,4.5,22.7,80.5,23,8.783874067269234e-06,0.0002549541927217237,0.02052381251409876
20250813,05,9R,曇,30.0,1.0,南東,27.0,0.02,4-2-1,4,2,1,4465,3,39,52.0,0.18,0,0,45.95,56.76,38.03,50.7,3.77,14.77,25.0,3.58,8.89,22.22,6.81,0.14,0,4,0.2,22,0,1,4,0.0,4.545454545454546,22.727272727272727,0,0,0,0,0,0,12,1,3,4,1,1,0.0,4.5,22.7,4230,1,42,53.6,0.14,1,0,31.08,54.05,32.5,43.75,7.05,52.54,68.64,8.1,80.0,90.0,6.83,0.18,0,2,0.17,20,6,4,3,30.0,50.0,65.0,0,2,3,0,1,0,9,1,1,2,1,0,30.0,50.0,65.0,4568,2,37,51.0,0.14,1,0,30.0,47.14,42.68,60.98,6.15,42.39,61.96,5.05,27.27,43.64,6.68,0.22,0,1,0.15,23,18,5,0,78.26086956521739,100.0,100.0,18,0,0,0,0,0,0,2,0,3,0,0,78.2,100.0,100.0,445.1,69,1.5107681027406449e-06,4.385043080925186e-05,0.019517826753198003
20250813,05,9R,曇,30.0,1.0,南東,27.0,0.02,5-4-2,5,4,2,4152,3,45,52.0,0.17,0,0,28.77,43.84,34.62,51.92,5.38,34.86,51.38,5.51,37.29,49.15,6.77,0.08,0,5,0.16,18,0,4,2,0.0,22.22222222222222,33.33333333333333,0,0,0,0,0,0,11,4,3,0,0,0,0.0,22.2,33.3,4465,3,39,52.0,0.18,0,0,45.95,56.76,38.03,50.7,3.77,14.77,25.0,3.58,8.89,22.22,6.81,0.14,0,4,0.2,22,0,1,4,0.0,4.545454545454546,22.727272727272727,0,0,0,0,0,0,12,1,3,4,1,1,0.0,4.5,22.7,4230,1,42,53.6,0.14,1,0,31.08,54.05,32.5,43.75,7.05,52.54,68.64,8.1,80.0,90.0,6.83,0.18,0,2,0.17,20,6,4,3,30.0,50.0,65.0,0,2,3,0,1,0,9,1,1,2,1,0,30.0,50.0,65.0,477.7,74,1.3850184202859981e-06,4.020051409486018e-05,0.01920378558311471
20250813,05,9R,曇,30.0,1.0,南東,27.0,0.02,1-4-3,1,4,3,4568,2,37,51.0,0.14,1,0,30.0,47.14,42.68,60.98,6.15,42.39,61.96,5.05,27.27,43.64,6.68,0.22,0,1,0.15,23,18,5,0,78.26086956521739,100.0,100.0,18,0,0,0,0,0,0,2,0,3,0,0,78.2,100.0,100.0,4465,3,39,52.0,0.18,0,0,45.95,56.76,38.03,50.7,3.77,14.77,25.0,3.58,8.89,22.22,6.81,0.14,0,4,0.2,22,0,1,4,0.0,4.545454545454546,22.727272727272727,0,0,0,0,0,0,12,1,3,4,1,1,0.0,4.5,22.7,4535,1,35,52.2,0.13,0,0,28.77,42.47,40.0,53.85,7.1,60.24,74.7,5.97,39.34,59.02,6.82,0.28,0,3,0.15,14,5,3,3,35.714285714285715,57.14285714285714,78.57142857142857,0,0,5,0,0,0,6,0,2,1,0,0,35.7,57.1,78.5,66.2,19,8.987344409538302e-06,0.00026085997147705945,0.017268930111781336
20250813,05,9R,曇,30.0,1.0,南東,27.0,0.02,5-1-4,5,1,4,4152,3,45,52.0,0.17,0,0,28.77,43.84,34.62,51.92,5.38,34.86,51.38,5.51,37.29,49.15,6.77,0.08,0,5,0.16,18,0,4,2,0.0,22.22222222222222,33.33333333333333,0,0,0,0,0,0,11,4,3,0,0,0,0.0,22.2,33.3,4568,2,37,51.0,0.14,1,0,30.0,47.14,42.68,60.98,6.15,42.39,61.96,5.05,27.27,43.64,6.68,0.22,0,1,0.15,23,18,5,0,78.26086956521739,100.0,100.0,18,0,0,0,0,0,0,2,0,3,0,0,78.2,100.0,100.0,4465,3,39,52.0,0.18,0,0,45.95,56.76,38.03,50.7,3.77,14.77,25.0,3.58,8.89,22.22,6.81,0.14,0,4,0.2,22,0,1,4,0.0,4.545454545454546,22.727272727272727,0,0,0,0,0,0,12,1,3,4,1,1,0.0,4.5,22.7,316.9,56,1.8404780562543712e-06,5.3420346587489143e-05,0.01692890783357531
20250813,05,9R,曇,30.0,1.0,南東,27.0,0.02,1-3-4,1,3,4,4568,2,37,51.0,0.14,1,0,30.0,47.14,42.68,60.98,6.15,42.39,61.96,5.05,27.27,43.64,6.68,0.22,0,1,0.15,23,18,5,0,78.26086956521739,100.0,100.0,18,0,0,0,0,0,0,2,0,3,0,0,78.2,100.0,100.0,4535,1,35,52.2,0.13,0,0,28.77,42.47,40.0,53.85,7.1,60.24,74.7,5.97,39.34,59.02,6.82,0.28,0,3,0.15,14,5,3,3,35.714285714285715,57.14285714285714,78.57142857142857,0,0,5,0,0,0,6,0,2,1,0,0,35.7,57.1,78.5,4465,3,39,52.0,0.18,0,0,45.95,56.76,38.03,50.7,3.77,14.77,25.0,3.58,8.89,22.22,6.81,0.14,0,4,0.2,22,0,1,4,0.0,4.545454545454546,22.727272727272727,0,0,0,0,0,0,12,1,3,4,1,1,0.0,4.5,22.7,20.0,6,2.678988707639623e-05,0.0007775833283083643,0.015551666566167285
20250813,05,9R,曇,30.0,1.0,南東,27.0,0.02,5-3-4,5,3,4,4152,3,45,52.0,0.17,0,0,28.77,43.84,34.62,51.92,5.38,34.86,51.38,5.51,37.29,49.15,6.77,0.08,0,5,0.16,18,0,4,2,0.0,22.22222222222222,33.33333333333333,0,0,0,0,0,0,11,4,3,0,0,0,0.0,22.2,33.3,4535,1,35,52.2,0.13,0,0,28.77,42.47,40.0,53.85,7.1,60.24,74.7,5.97,39.34,59.02,6.82,0.28,0,3,0.15,14,5,3,3,35.714285714285715,57.14285714285714,78.57142857142857,0,0,5,0,0,0,6,0,2,1,0,0,35.7,57.1,78.5,4465,3,39,52.0,0.18,0,0,45.95,56.76,38.03,50.7,3.77,14.77,25.0,3.58,8.89,22.22,6.81,0.14,0,4,0.2,22,0,1,4,0.0,4.545454545454546,22.727272727272727,0,0,0,0,0,0,12,1,3,4,1,1,0.0,4.5,22.7,357.7,59,1.3499716162294603e-06,3.9183271638139846e-05,0.014015856264962621
20250813,05,9R,曇,30.0,1.0,南東,27.0,0.02,1-3-2,1,3,2,4568,2,37,51.0,0.14,1,0,30.0,47.14,42.68,60.98,6.15,42.39,61.96,5.05,27.27,43.64,6.68,0.22,0,1,0.15,23,18,5,0,78.26086956521739,100.0,100.0,18,0,0,0,0,0,0,2,0,3,0,0,78.2,100.0,100.0,4535,1,35,52.2,0.13,0,0,28.77,42.47,40.0,53.85,7.1,60.24,74.7,5.97,39.34,59.02,6.82,0.28,0,3,0.15,14,5,3,3,35.714285714285715,57.14285714285714,78.57142857142857,0,0,5,0,0,0,6,0,2,1,0,0,35.7,57.1,78.5,4230,1,42,53.6,0.14,1,0,31.08,54.05,32.5,43.75,7.05,52.54,68.64,8.1,80.0,90.0,6.83,0.18,0,2,0.17,20,6,4,3,30.0,50.0,65.0,0,2,3,0,1,0,9,1,1,2,1,0,30.0,50.0,65.0,6.9,2,6.276986024713703e-05,0.001821911257379792,0.012571187675920565
20250813,05,9R,曇,30.0,1.0,南東,27.0,0.02,4-6-2,4,6,2,4465,3,39,52.0,0.18,0,0,45.95,56.76,38.03,50.7,3.77,14.77,25.0,3.58,8.89,22.22,6.81,0.14,0,4,0.2,22,0,1,4,0.0,4.545454545454546,22.727272727272727,0,0,0,0,0,0,12,1,3,4,1,1,0.0,4.5,22.7,4281,3,41,53.8,0.16,0,0,30.77,49.23,40.0,55.38,5.11,26.32,47.37,5.11,29.73,56.76,6.82,0.05,0,6,0.14,9,0,0,1,0.0,0.0,11.11111111111111,0,0,0,0,0,0,6,1,0,1,1,0,0.0,0.0,11.1,4230,1,42,53.6,0.14,1,0,31.08,54.05,32.5,43.75,7.05,52.54,68.64,8.1,80.0,90.0,6.83,0.18,0,2,0.17,20,6,4,3,30.0,50.0,65.0,0,2,3,0,1,0,9,1,1,2,1,0,30.0,50.0,65.0,1202.0,99,3.3526261189015057e-07,9.731083108617838e-06,0.011696761896558642
20250813,05,9R,曇,30.0,1.0,南東,27.0,0.02,2-3-1,2,3,1,4230,1,42,53.6,0.14,1,0,31.08,54.05,32.5,43.75,7.05,52.54,68.64,8.1,80.0,90.0,6.83,0.18,0,2,0.17,20,6,4,3,30.0,50.0,65.0,0,2,3,0,1,0,9,1,1,2,1,0,30.0,50.0,65.0,4535,1,35,52.2,0.13,0,0,28.77,42.47,40.0,53.85,7.1,60.24,74.7,5.97,39.34,59.02,6.82,0.28,0,3,0.15,14,5,3,3,35.714285714285715,57.14285714285714,78.57142857142857,0,0,5,0,0,0,6,0,2,1,0,0,35.7,57.1,78.5,4568,2,37,51.0,0.14,1,0,30.0,47.14,42.68,60.98,6.15,42.39,61.96,5.05,27.27,43.64,6.68,0.22,0,1,0.15,23,18,5,0,78.26086956521739,100.0,100.0,18,0,0,0,0,0,0,2,0,3,0,0,78.2,100.0,100.0,25.5,8,1.3921549718583096e-05,0.00040407654330592327,0.010303951854301044
20250813,05,9R,曇,30.0,1.0,南東,27.0,0.02,5-3-2,5,3,2,4152,3,45,52.0,0.17,0,0,28.77,43.84,34.62,51.92,5.38,34.86,51.38,5.51,37.29,49.15,6.77,0.08,0,5,0.16,18,0,4,2,0.0,22.22222222222222,33.33333333333333,0,0,0,0,0,0,11,4,3,0,0,0,0.0,22.2,33.3,4535,1,35,52.2,0.13,0,0,28.77,42.47,40.0,53.85,7.1,60.24,74.7,5.97,39.34,59.02,6.82,0.28,0,3,0.15,14,5,3,3,35.714285714285715,57.14285714285714,78.57142857142857,0,0,5,0,0,0,6,0,2,1,0,0,35.7,57.1,78.5,4230,1,42,53.6,0.14,1,0,31.08,54.05,32.5,43.75,7.05,52.54,68.64,8.1,80.0,90.0,6.83,0.18,0,2,0.17,20,6,4,3,30.0,50.0,65.0,0,2,3,0,1,0,9,1,1,2,1,0,30.0,50.0,65.0,126.2,34,2.7108304256539354e-06,7.868254684495374e-05,0.009929737411833162
20250813,05,9R,曇,30.0,1.0,南東,27.0,0.02,4-1-2,4,1,2,4465,3,39,52.0,0.18,0,0,45.95,56.76,38.03,50.7,3.77,14.77,25.0,3.58,8.89,22.22,6.81,0.14,0,4,0.2,22,0,1,4,0.0,4.545454545454546,22.727272727272727,0,0,0,0,0,0,12,1,3,4,1,1,0.0,4.5,22.7,4568,2,37,51.0,0.14,1,0,30.0,47.14,42.68,60.98,6.15,42.39,61.96,5.05,27.27,43.64,6.68,0.22,0,1,0.15,23,18,5,0,78.26086956521739,100.0,100.0,18,0,0,0,0,0,0,2,0,3,0,0,78.2,100.0,100.0,4230,1,42,53.6,0.14,1,0,31.08,54.05,32.5,43.75,7.05,52.54,68.64,8.1,80.0,90.0,6.83,0.18,0,2,0.17,20,6,4,3,30.0,50.0,65.0,0,2,3,0,1,0,9,1,1,2,1,0,30.0,50.0,65.0,346.1,58,9.274167227576559e-07,2.6918507717268878e-05,0.009316495520946759
20250813,05,9R,曇,30.0,1.0,南東,27.0,0.02,4-3-1,4,3,1,4465,3,39,52.0,0.18,0,0,45.95,56.76,38.03,50.7,3.77,14.77,25.0,3.58,8.89,22.22,6.81,0.14,0,4,0.2,22,0,1,4,0.0,4.545454545454546,22.727272727272727,0,0,0,0,0,0,12,1,3,4,1,1,0.0,4.5,22.7,4535,1,35,52.2,0.13,0,0,28.77,42.47,40.0,53.85,7.1,60.24,74.7,5.97,39.34,59.02,6.82,0.28,0,3,0.15,14,5,3,3,35.714285714285715,57.14285714285714,78.57142857142857,0,0,5,0,0,0,6,0,2,1,0,0,35.7,57.1,78.5,4568,2,37,51.0,0.14,1,0,30.0,47.14,42.68,60.98,6.15,42.39,61.96,5.05,27.27,43.64,6.68,0.22,0,1,0.15,23,18,5,0,78.26086956521739,100.0,100.0,18,0,0,0,0,0,0,2,0,3,0,0,78.2,100.0,100.0,395.3,63,7.530551096910456e-07,2.1857617276375374e-05,0.008640316109351185
20250813,05,9R,曇,30.0,1.0,南東,27.0,0.02,2-3-4,2,3,4,4230,1,42,53.6,0.14,1,0,31.08,54.05,32.5,43.75,7.05,52.54,68.64,8.1,80.0,90.0,6.83,0.18,0,2,0.17,20,6,4,3,30.0,50.0,65.0,0,2,3,0,1,0,9,1,1,2,1,0,30.0,50.0,65.0,4535,1,35,52.2,0.13,0,0,28.77,42.47,40.0,53.85,7.1,60.24,74.7,5.97,39.34,59.02,6.82,0.28,0,3,0.15,14,5,3,3,35.714285714285715,57.14285714285714,78.57142857142857,0,0,5,0,0,0,6,0,2,1,0,0,35.7,57.1,78.5,4465,3,39,52.0,0.18,0,0,45.95,56.76,38.03,50.7,3.77,14.77,25.0,3.58,8.89,22.22,6.81,0.14,0,4,0.2,22,0,1,4,0.0,4.545454545454546,22.727272727272727,0,0,0,0,0,0,12,1,3,4,1,1,0.0,4.5,22.7,105.1,30,1.0828882327977061e-06,3.143110808356844e-05,0.003303409459583043
20250813,05,9R,曇,30.0,1.0,南東,27.0,0.02,3-2-1,3,2,1,4535,1,35,52.2,0.13,0,0,28.77,42.47,40.0,53.85,7.1,60.24,74.7,5.97,39.34,59.02,6.82,0.28,0,3,0.15,14,5,3,3,35.714285714285715,57.14285714285714,78.57142857142857,0,0,5,0,0,0,6,0,2,1,0,0,35.7,57.1,78.5,4230,1,42,53.6,0.14,1,0,31.08,54.05,32.5,43.75,7.05,52.54,68.64,8.1,80.0,90.0,6.83,0.18,0,2,0.17,20,6,4,3,30.0,50.0,65.0,0,2,3,0,1,0,9,1,1,2,1,0,30.0,50.0,65.0,4568,2,37,51.0,0.14,1,0,30.0,47.14,42.68,60.98,6.15,42.39,61.96,5.05,27.27,43.64,6.68,0.22,0,1,0.15,23,18,5,0,78.26086956521739,100.0,100.0,18,0,0,0,0,0,0,2,0,3,0,0,78.2,100.0,100.0,30.6,12,2.8870645838803415e-06,8.379778838832145e-05,0.0025642123246826364
20250813,05,9R,曇,30.0,1.0,南東,27.0,0.02,1-4-2,1,4,2,4568,2,37,51.0,0.14,1,0,30.0,47.14,42.68,60.98,6.15,42.39,61.96,5.05,27.27,43.64,6.68,0.22,0,1,0.15,23,18,5,0,78.26086956521739,100.0,100.0,18,0,0,0,0,0,0,2,0,3,0,0,78.2,100.0,100.0,4465,3,39,52.0,0.18,0,0,45.95,56.76,38.03,50.7,3.77,14.77,25.0,3.58,8.89,22.22,6.81,0.14,0,4,0.2,22,0,1,4,0.0,4.545454545454546,22.727272727272727,0,0,0,0,0,0,12,1,3,4,1,1,0.0,4.5,22.7,4230,1,42,53.6,0.14,1,0,31.08,54.05,32.5,43.75,7.05,52.54,68.64,8.1,80.0,90.0,6.83,0.18,0,2,0.17,20,6,4,3,30.0,50.0,65.0,0,2,3,0,1,0,9,1,1,2,1,0,30.0,50.0,65.0,83.7,24,9.449630063369534e-07,2.742779308850337e-05,0.002295706281507732
20250813,05,9R,曇,30.0,1.0,南東,27.0,0.02,4-3-2,4,3,2,4465,3,39,52.0,0.18,0,0,45.95,56.76,38.03,50.7,3.77,14.77,25.0,3.58,8.89,22.22,6.81,0.14,0,4,0.2,22,0,1,4,0.0,4.545454545454546,22.727272727272727,0,0,0,0,0,0,12,1,3,4,1,1,0.0,4.5,22.7,4535,1,35,52.2,0.13,0,0,28.77,42.47,40.0,53.85,7.1,60.24,74.7,5.97,39.34,59.02,6.82,0.28,0,3,0.15,14,5,3,3,35.714285714285715,57.14285714285714,78.57142857142857,0,0,5,0,0,0,6,0,2,1,0,0,35.7,57.1,78.5,4230,1,42,53.6,0.14,1,0,31.08,54.05,32.5,43.75,7.05,52.54,68.64,8.1,80.0,90.0,6.83,0.18,0,2,0.17,20,6,4,3,30.0,50.0,65.0,0,2,3,0,1,0,9,1,1,2,1,0,30.0,50.0,65.0,463.3,72,9.44252968427061e-08,2.7407184056459867e-06,0.0012697748373357858
